idno;ppltrst;pplfair;pplhlp;trstlgl;trstplc;trstplt;prtvtbse;happy;health;rlgdgr;gndr;agea;partner;edlvdse;iphlppl;imptrad;impfun
1;5;8;9;88;7;5;5;8;2;1;1;90;2;14;2;2;3
3;7;7;7;7;7;7;66;5;3;2;2;90;2;1;4;2;2
10;5;10;10;7;7;7;5;8;1;0;2;90;2;3;8;8;8
14;7;7;5;5;5;3;2;8;1;7;2;90;2;1;1;1;2
15;6;6;8;8;10;7;3;10;2;5;2;90;2;4;1;1;5
16;10;5;5;88;10;5;6;10;3;0;1;90;2;12;5;4;3
23;10;10;5;7;7;5;6;8;3;5;2;90;2;1;2;1;4
28;88;88;7;3;5;4;10;7;3;5;1;90;2;2;2;2;4
30;8;3;5;5;8;8;6;7;2;6;2;90;2;2;3;3;3
33;4;7;8;2;4;0;66;5;2;3;1;90;1;2;1;1;1
40;4;10;10;4;10;88;2;10;2;0;2;90;1;2;3;3;4
41;7;7;8;9;7;4;5;7;4;0;1;90;2;18;2;3;2
44;10;10;7;6;8;5;5;8;1;7;2;90;2;6;2;2;1
48;8;7;8;7;9;7;6;8;3;8;2;90;2;3;3;2;2
49;0;10;10;10;8;0;6;10;2;0;2;90;2;2;2;1;2
57;4;7;6;5;7;5;88;8;3;1;1;90;1;2;2;3;1
58;10;10;10;2;9;6;3;8;2;10;2;90;2;12;2;1;8
59;5;6;7;6;6;3;66;9;3;7;2;90;2;18;3;4;5
62;7;10;8;7;7;6;1;8;3;1;1;89;2;2;4;5;3
64;6;8;7;5;8;5;3;5;3;3;2;89;2;1;1;3;5
73;5;9;6;5;4;5;5;4;4;5;1;90;1;12;8;8;8
74;6;5;3;5;5;0;1;8;2;4;2;89;2;2;1;1;1
75;5;7;9;5;7;5;6;7;3;0;1;89;1;2;2;2;2
76;5;7;9;9;9;9;1;9;3;8;1;88;2;2;5;4;2
77;8;5;8;6;0;4;5;6;3;2;1;88;2;1;2;2;3
79;10;10;5;3;7;7;6;10;3;5;1;88;2;3;6;1;4
86;5;4;6;1;1;2;6;4;2;3;2;88;2;6;3;5;4
87;7;8;5;7;6;4;5;10;1;1;1;88;1;18;3;2;1
88;9;10;8;8;9;6;66;8;3;7;1;88;1;12;2;3;2
92;3;7;3;0;4;4;7;8;3;2;2;87;2;1;4;4;4
94;3;2;10;0;4;0;1;77;7;77;9;999;9;7777;7;7;7
95;4;6;8;1;4;2;1;8;3;8;2;87;2;9;1;1;1
98;7;9;8;8;8;6;2;8;2;6;1;87;1;3;2;3;4
99;7;8;8;8;8;7;4;5;1;0;2;87;2;13;2;5;1
103;6;6;4;4;2;3;5;8;1;4;1;87;1;2;4;2;2
105;5;7;6;4;4;3;88;8;3;4;1;87;1;3;2;2;2
106;5;7;5;7;7;4;5;9;1;5;2;86;2;1;1;3;1
110;8;8;9;10;10;7;1;9;2;10;2;86;2;3;1;1;1
111;6;6;8;5;3;2;7;3;3;2;1;86;2;2;1;3;3
117;6;7;9;7;8;8;6;10;3;0;1;85;1;2;1;5;2
118;5;10;9;7;7;7;88;10;3;8;2;85;2;2;2;1;3
119;5;10;5;9;10;8;5;8;3;5;1;85;2;15;3;1;2
121;6;3;8;7;6;5;6;7;3;2;2;85;2;2;3;4;5
122;5;5;5;5;5;3;6;7;3;3;1;85;2;6;4;4;4
127;10;10;9;0;8;2;6;8;3;3;2;85;2;2;2;5;2
129;1;7;7;5;7;3;66;3;2;6;2;85;2;2;1;3;3
131;5;9;9;4;10;5;5;8;2;5;2;84;2;3;2;3;3
134;8;8;8;8;7;7;6;4;1;3;1;84;2;4;1;2;2
135;8;7;7;8;8;7;5;8;1;1;1;84;2;12;2;4;4
137;9;8;8;8;8;8;6;8;3;0;2;84;2;3;2;2;3
139;5;5;6;88;10;2;6;7;2;3;2;84;2;2;2;3;4
140;2;7;6;6;6;3;1;6;3;4;1;84;1;2;1;1;1
143;8;9;9;10;9;7;5;7;2;0;1;84;1;12;1;2;3
147;7;5;6;5;6;4;5;8;2;5;2;84;2;3;2;2;3
150;8;10;9;6;6;8;5;7;3;0;2;84;2;4;2;5;5
154;7;7;7;6;8;5;6;8;1;0;2;84;2;11;2;5;4
155;8;8;7;5;4;3;66;8;4;8;2;84;2;13;1;4;3
159;5;6;5;7;7;5;1;8;2;7;2;83;1;4;3;2;2
160;88;88;5;3;3;2;10;8;1;2;1;83;1;8;5;2;3
161;7;8;4;3;2;2;5;10;2;3;1;83;1;18;3;4;4
166;0;4;2;8;4;6;10;9;3;0;1;83;1;2;3;5;2
167;4;4;4;4;4;4;10;5;3;4;1;82;2;2;2;2;2
168;0;7;5;4;4;4;3;6;3;5;2;82;2;2;2;2;1
169;6;7;8;3;2;1;10;9;4;7;1;82;1;11;2;2;3
172;2;5;5;2;2;5;6;8;3;5;2;82;1;1;2;2;2
173;7;8;6;8;8;5;77;8;3;3;1;82;1;7;4;3;3
174;3;10;8;8;10;3;1;10;2;5;1;82;2;2;1;4;1
176;9;9;8;8;7;7;4;9;3;0;2;82;1;15;1;2;2
178;6;6;6;4;5;3;1;10;3;3;2;82;1;2;1;2;2
182;9;9;10;8;8;8;6;1;5;2;1;82;2;3;8;8;8
183;8;10;8;1;2;2;10;10;1;3;1;82;1;8;2;4;2
186;6;9;7;6;6;6;5;10;2;8;2;82;1;2;1;2;2
188;3;8;7;1;1;5;10;7;3;2;1;82;1;2;1;4;3
190;5;7;8;8;8;3;5;9;2;5;2;82;2;3;2;3;4
191;7;7;6;4;5;5;6;8;2;5;1;82;1;2;3;3;3
193;5;5;3;3;88;2;6;10;4;2;1;83;2;4;3;4;2
194;5;5;7;6;7;2;2;3;3;1;1;81;1;13;3;4;4
195;9;10;10;0;5;7;6;8;3;5;2;81;2;2;3;4;3
196;8;8;6;8;6;5;5;8;3;5;1;82;2;17;2;4;2
197;8;8;7;7;6;7;2;7;2;8;2;81;2;11;1;1;1
198;10;10;10;9;8;7;5;10;2;3;1;81;1;12;2;2;2
199;5;7;5;5;5;4;5;7;4;7;1;81;1;7;2;2;2
200;0;10;0;10;9;5;1;6;3;6;1;81;2;1;8;8;8
203;6;6;8;8;8;3;66;10;3;4;1;81;1;5555;2;5;5
204;6;7;7;6;8;4;6;9;3;7;1;81;1;4;1;1;4
206;5;6;5;5;9;0;66;9;1;10;1;81;2;2;1;5;8
207;5;7;8;1;3;2;6;5;2;7;2;81;2;2;2;4;2
208;10;8;9;8;9;6;6;8;2;5;1;81;2;2;2;3;2
210;5;6;6;4;6;5;77;8;3;5;2;81;1;11;2;3;5
212;4;7;9;7;8;6;88;4;2;5;2;81;2;13;2;5;3
213;7;7;8;9;7;6;2;7;3;0;1;80;2;2;2;4;4
214;7;7;6;7;8;4;2;8;2;4;1;80;2;20;3;3;3
217;5;9;5;9;9;9;6;8;1;0;1;80;2;8;3;4;5
218;8;8;3;10;5;5;5;9;2;8;1;80;1;18;2;2;6
221;5;8;8;1;2;2;88;9;3;5;1;80;1;2;1;2;3
222;8;9;7;7;7;8;6;7;3;1;1;80;1;2;2;6;4
227;3;6;6;6;4;3;5;7;3;5;1;80;1;3;4;3;5
230;5;10;10;10;10;5;5;10;3;7;1;80;1;3;1;3;1
231;4;7;5;6;5;4;2;7;2;3;2;80;2;5;2;2;2
232;5;6;7;5;3;5;6;7;2;5;1;80;2;2;1;2;2
234;5;7;88;5;4;88;88;8;2;88;1;80;1;2;2;1;5
237;9;7;6;88;88;88;7;7;3;1;1;80;1;14;2;3;3
244;5;8;8;1;0;5;5;7;2;1;1;80;1;2;2;3;3
247;5;8;5;4;3;3;6;8;3;7;1;79;1;2;2;3;3
249;8;8;7;7;9;6;1;8;2;7;2;79;2;2;3;2;3
255;8;9;9;4;6;5;6;8;2;6;1;79;1;2;2;4;3
257;6;5;7;4;5;3;6;4;3;2;1;79;1;2;2;2;2
258;5;5;2;3;4;6;66;10;3;8;2;79;1;4;1;2;2
260;6;4;7;2;2;2;10;5;3;4;1;79;1;9;4;2;4
264;5;6;7;4;3;3;5;9;2;4;1;78;1;2;2;2;2
266;5;6;7;8;8;5;6;9;1;3;2;78;1;10;3;3;4
269;7;6;4;6;8;5;5;8;2;3;1;78;1;2;2;1;2
271;8;6;5;8;7;8;6;8;3;8;1;78;1;4;3;4;5
272;88;88;5;1;1;1;6;8;3;5;1;78;1;10;3;2;5
274;6;8;4;5;4;3;10;8;1;0;1;78;1;14;1;1;2
276;5;3;8;3;3;3;6;8;3;8;2;78;2;17;2;2;2
278;8;7;9;10;10;6;88;9;3;5;2;78;1;19;3;2;5
279;3;8;8;7;8;5;5;8;4;4;2;78;2;12;1;2;2
280;10;10;10;7;5;6;5;5;3;4;2;78;1;12;1;1;1
281;6;7;7;5;88;5;88;9;2;3;2;78;1;7;2;3;3
282;8;9;7;8;9;7;6;9;3;8;2;78;2;9;2;1;3
283;9;7;8;3;5;3;10;8;3;1;1;78;1;3;4;1;3
286;5;7;8;4;5;3;5;9;1;7;2;78;1;13;2;2;1
287;5;8;3;8;6;5;6;5;3;0;1;78;2;15;4;5;4
288;2;5;7;5;8;0;6;5;5;3;2;78;2;11;1;1;3
289;8;8;7;3;3;2;3;8;1;9;1;78;1;8;2;3;5
290;5;5;8;8;7;7;5;9;3;6;2;78;2;4;1;2;1
292;8;8;8;7;7;5;6;8;3;5;2;78;1;3;1;2;1
293;5;9;6;3;3;4;5;7;2;6;2;78;1;4;2;3;3
295;1;10;7;3;3;1;6;8;1;8;1;78;1;8;3;5;4
298;4;3;7;8;9;3;5;9;2;4;1;78;1;5;2;2;2
299;0;5;2;7;4;0;88;88;8;0;2;999;1;11;8;8;8
300;9;8;7;8;8;6;6;9;2;3;1;78;1;8;3;3;2
302;1;3;7;8;8;3;5;6;2;3;2;78;1;13;1;1;2
303;8;9;9;10;10;9;6;9;2;5;2;77;2;6;1;3;3
304;6;6;6;5;7;5;5;7;2;6;2;77;2;16;3;2;1
305;3;2;5;88;2;0;6;10;4;10;2;77;2;2;2;2;2
308;8;8;8;9;9;5;1;6;2;5;1;77;2;13;1;1;1
309;7;10;5;6;9;1;10;9;3;1;1;77;1;4;2;2;2
310;6;5;4;3;3;4;6;5;3;5;2;77;1;2;3;4;4
311;2;6;4;2;7;4;66;7;3;3;2;77;2;7;2;2;2
314;5;8;8;8;8;6;77;8;3;5;2;77;1;2;1;3;3
318;8;8;10;8;9;6;2;7;3;5;2;77;1;11;3;3;3
319;5;7;9;8;3;1;6;9;1;6;1;77;2;2;2;8;5
320;5;4;3;3;6;2;6;8;2;4;2;77;1;9;3;1;3
323;2;3;7;3;4;5;5;8;2;5;2;77;2;2;2;2;5
332;5;6;5;7;6;6;10;8;2;2;1;77;2;1;2;5;3
335;10;9;9;3;8;5;10;10;3;8;1;77;1;4;3;4;3
337;5;8;7;7;7;3;88;7;1;6;2;77;1;3;2;3;6
338;8;5;7;8;8;9;6;8;2;2;1;77;1;20;2;3;2
339;5;8;4;8;8;5;6;7;1;3;1;77;2;2;2;4;8
340;0;5;2;2;2;0;1;5;4;1;1;77;2;1;4;2;5
344;7;8;4;10;10;10;6;10;1;7;1;76;1;1;2;1;2
345;1;5;6;4;5;4;6;10;4;2;1;76;1;8;4;4;2
347;8;3;8;3;5;2;6;9;1;5;1;76;1;10;1;3;3
349;5;8;7;7;7;4;6;9;2;2;2;76;1;3;2;2;3
351;6;7;6;4;4;3;5;7;2;0;2;76;1;11;2;3;2
352;8;8;6;8;8;3;1;8;2;7;2;76;1;10;2;2;2
353;0;3;3;7;10;1;88;10;3;6;1;76;1;2;2;4;4
355;0;2;3;4;3;3;88;88;3;88;2;76;1;2;2;2;2
356;5;10;0;3;2;0;5;6;2;7;2;77;2;3;1;4;3
357;6;8;8;5;8;5;5;10;2;6;2;76;2;3;2;2;3
360;7;7;8;7;8;5;4;7;2;3;1;76;1;4;2;4;2
361;3;8;8;9;10;6;5;9;2;2;1;76;1;2;2;2;2
362;7;7;6;6;6;5;6;8;2;3;2;76;1;11;2;2;4
364;8;10;10;6;7;5;6;10;3;2;1;76;2;3;2;2;2
365;8;8;7;8;0;7;5;7;3;7;1;76;1;17;2;2;4
366;5;9;9;8;8;5;5;9;2;0;2;76;1;9;2;2;4
368;9;9;8;8;8;5;7;8;3;0;2;76;2;3;2;2;4
371;7;4;8;3;3;5;6;6;1;0;1;76;1;2;3;4;3
372;0;88;5;0;5;0;5;5;5;3;2;76;1;2;1;3;4
373;8;7;5;5;5;7;6;9;4;2;2;75;1;10;3;4;2
377;6;8;7;6;5;7;6;7;3;5;1;75;1;4;2;2;2
387;5;6;6;3;4;4;5;7;2;3;1;75;1;9;3;4;4
389;0;3;5;5;6;0;6;8;1;1;2;76;1;4;3;5;3
390;7;7;7;7;7;6;6;8;1;6;1;75;1;8;2;3;4
393;5;8;5;5;5;5;4;10;3;0;2;75;1;2;1;2;5
394;7;7;6;6;6;3;6;7;2;1;2;85;1;2;2;4;5
395;8;7;5;7;7;7;6;8;2;2;1;75;1;4;2;2;2
397;8;7;6;4;5;4;5;8;1;0;1;75;1;18;4;3;3
398;3;2;3;9;9;4;4;8;3;3;1;75;1;3;3;2;3
401;5;7;4;7;6;6;2;8;2;4;2;74;2;15;3;4;4
403;2;8;5;8;3;4;5;7;2;6;2;74;2;13;1;5;2
404;6;5;7;5;7;4;5;7;1;2;1;74;1;10;2;2;3
406;6;8;6;8;8;7;5;6;2;7;2;74;1;3;3;2;4
409;5;7;9;5;6;5;5;7;3;5;1;75;1;2;2;4;2
411;7;4;4;7;7;7;1;9;3;3;1;74;1;3;1;4;3
416;8;5;6;3;5;2;77;9;3;5;2;74;1;2;4;4;3
419;8;7;6;6;7;5;2;9;2;1;1;74;1;7;1;3;3
421;7;5;6;3;5;0;66;8;3;4;2;74;1;3;2;3;4
424;7;5;7;5;6;5;88;7;4;4;1;74;2;7;2;2;3
426;7;7;5;6;7;5;6;10;3;4;1;74;1;7;2;4;3
427;4;6;6;8;8;5;5;9;3;4;2;74;1;13;2;2;3
428;7;8;7;4;7;0;10;3;3;6;2;74;2;12;2;3;1
429;3;6;7;3;6;2;5;8;3;2;2;74;1;8;2;1;2
430;7;7;5;4;5;3;6;7;3;5;2;74;2;5;8;6;2
431;7;8;8;8;7;2;5;5;3;1;2;74;2;7;3;3;4
432;9;8;7;2;2;1;10;8;2;3;2;74;2;13;2;4;3
435;8;7;6;4;2;4;6;10;1;8;2;75;1;4;2;2;2
436;7;8;7;9;9;6;6;9;3;1;1;74;1;7;2;3;4
437;7;7;1;4;8;3;6;6;3;3;1;74;2;3;1;1;1
438;4;4;6;8;7;6;5;6;3;7;1;74;1;9;3;2;2
444;8;8;6;9;9;4;7;8;3;0;2;73;1;11;2;6;4
446;10;10;8;9;8;9;4;8;1;0;2;73;1;20;4;5;5
448;3;8;8;1;1;5;6;9;2;7;2;73;2;4;2;4;3
449;5;4;5;0;0;5;88;8;2;3;1;73;1;2;1;2;2
451;6;4;4;2;5;2;6;8;2;4;2;73;2;2;2;3;3
453;6;8;8;3;3;2;1;8;2;0;1;73;1;3;3;2;2
454;6;6;6;6;10;7;1;8;3;7;2;73;2;4;2;2;2
455;3;6;5;9;8;4;5;8;2;1;1;74;1;3;3;2;2
458;5;2;5;8;2;1;6;8;2;0;1;73;1;2;4;4;3
460;5;7;8;8;8;4;2;8;3;8;1;73;1;15;2;2;5
461;6;5;6;8;8;7;6;6;2;4;1;73;2;2;2;3;2
464;8;10;10;5;9;6;6;7;2;6;2;73;2;10;1;2;1
466;7;8;8;4;7;0;10;10;2;0;1;73;1;12;1;2;1
468;6;6;5;8;8;6;6;8;3;5;2;73;1;7;3;1;2
470;5;7;6;6;8;4;2;10;3;4;2;73;2;2;6;3;2
472;7;8;8;5;4;6;3;8;3;8;1;73;1;13;3;2;3
475;7;7;7;8;7;7;6;9;2;6;2;73;1;13;2;2;2
480;5;7;8;5;8;5;66;8;3;5;1;73;1;2;2;4;2
481;5;8;7;7;8;3;5;8;3;6;1;74;1;14;5;3;4
482;6;7;7;8;8;6;5;9;2;3;1;72;1;7;2;3;3
484;7;8;5;4;4;3;5;7;4;0;2;72;1;19;3;2;3
488;6;8;8;7;7;5;6;8;2;4;2;72;1;2;4;2;2
489;4;4;4;0;2;0;10;9;3;0;2;72;1;3;2;2;5
493;8;10;9;9;9;7;2;9;3;5;2;72;1;17;1;4;1
494;9;9;9;8;8;7;7;9;3;0;2;72;1;11;2;3;5
495;6;6;7;7;7;5;6;4;4;3;2;73;1;13;1;5;2
500;0;6;6;5;4;5;5;6;3;4;2;72;2;3;1;1;1
501;8;8;5;8;7;4;6;7;2;0;1;72;1;16;3;4;4
502;7;6;6;4;5;6;88;9;2;1;2;72;1;6;2;2;3
503;6;7;9;9;10;10;6;10;1;7;2;72;1;12;1;1;3
505;8;8;8;7;7;7;5;8;2;4;2;73;1;6;1;2;1
506;5;5;7;6;6;3;88;10;2;8;1;72;1;7;3;3;2
510;6;7;6;6;7;6;2;8;2;2;1;73;1;17;2;4;2
512;8;8;8;7;7;7;6;9;1;3;1;73;1;2;2;2;2
513;6;8;6;6;6;5;88;7;3;2;2;73;1;6;2;3;3
514;5;7;5;4;3;5;5;4;3;0;1;72;1;12;3;5;5
515;5;7;7;5;7;4;5;7;4;4;2;72;1;17;2;2;2
520;5;4;5;7;6;5;1;7;1;4;2;72;1;8;2;2;3
522;5;8;9;0;0;3;6;10;2;0;1;72;1;2;2;3;3
524;4;3;7;6;6;5;6;7;3;10;1;72;2;9;2;1;4
525;6;6;4;3;8;1;10;8;1;7;1;71;1;12;1;2;1
529;8;8;5;8;4;6;5;9;2;6;2;71;1;4;1;1;2
533;10;8;8;10;7;7;6;10;2;5;1;72;1;4;2;1;1
534;9;9;8;5;5;1;6;8;2;8;2;71;1;6;2;1;2
535;6;7;8;4;4;4;88;9;2;10;2;71;1;7;2;1;4
537;4;6;8;3;5;2;6;8;2;3;2;71;1;2;2;2;3
538;6;6;7;7;6;5;88;10;2;4;2;72;1;13;2;2;3
539;7;6;8;8;9;6;2;7;2;1;2;71;1;13;1;3;3
541;9;10;9;7;10;7;2;8;2;6;2;71;1;15;1;1;3
543;5;5;8;6;7;5;6;8;2;2;1;71;2;7;3;3;2
544;8;8;7;9;7;6;2;8;2;3;1;71;1;3;2;2;3
545;7;9;6;8;6;6;2;9;1;2;2;71;2;11;3;4;4
548;9;9;8;7;8;4;2;9;2;6;2;71;1;18;2;4;3
551;8;9;8;8;7;6;1;8;1;3;2;71;1;11;2;2;2
553;7;7;8;7;7;5;88;8;2;4;1;71;1;10;2;3;4
554;2;5;2;2;3;2;6;8;1;10;2;71;1;13;3;3;1
555;5;5;5;5;5;5;88;5;3;0;1;71;2;15;8;8;8
557;5;5;9;0;5;1;88;8;2;0;2;71;1;10;2;5;4
558;6;8;8;4;4;3;10;6;4;5;1;71;2;4;2;2;2
559;4;3;3;8;8;5;6;6;4;5;2;72;2;4;1;2;4
560;7;8;8;7;4;3;6;8;3;0;1;71;1;11;2;2;3
561;7;9;8;7;9;5;88;6;3;4;2;71;1;12;3;2;3
564;8;8;8;7;10;7;6;8;2;5;1;71;1;14;2;2;2
565;5;5;7;6;8;5;1;8;3;5;1;71;2;8;1;1;1
566;5;5;7;5;5;3;5;7;2;7;2;71;2;10;2;1;2
569;5;8;7;8;7;4;3;8;2;88;1;71;1;18;2;3;4
570;8;8;7;7;7;6;6;8;3;0;2;71;1;10;2;3;3
575;9;7;7;7;8;7;6;7;2;7;2;70;2;10;2;6;6
576;8;9;8;9;7;7;3;9;2;9;1;70;1;8;1;2;2
578;7;7;8;7;9;2;5;10;1;10;2;70;1;13;1;2;4
579;7;5;7;0;5;2;10;8;2;2;1;70;1;8;3;2;3
580;8;8;9;7;8;7;5;9;2;5;1;70;1;12;3;5;5
582;7;9;5;5;5;5;6;9;2;5;1;70;1;3;3;2;3
583;8;8;9;1;5;0;77;9;3;2;2;70;1;17;3;4;4
584;3;3;4;4;5;4;88;7;2;1;2;70;1;2;3;4;2
585;8;7;6;9;9;8;6;7;3;8;1;70;1;14;3;3;4
586;7;7;6;6;7;3;2;8;1;5;1;70;1;11;2;2;3
587;8;9;9;4;3;3;5;8;3;5;1;70;1;11;2;4;2
588;5;8;8;1;3;4;6;10;2;5;2;70;1;4;1;3;1
589;7;8;8;5;6;5;5;9;1;0;1;70;1;15;2;5;1
590;3;8;4;3;7;1;6;8;3;1;1;60;1;2;4;4;2
591;7;7;5;8;7;5;4;8;1;5;1;70;1;3;3;3;4
592;6;5;7;5;6;6;6;7;1;4;1;70;2;2;4;2;4
593;4;8;9;7;8;7;6;8;5;3;1;70;1;1;1;2;1
595;5;5;4;7;6;5;2;8;1;6;1;70;1;4;3;4;5
597;7;8;8;7;4;6;5;8;3;6;1;70;1;10;2;2;5
602;1;5;5;1;0;4;10;9;1;0;1;70;2;7;2;5;3
603;4;8;7;10;10;7;5;10;2;10;1;70;1;10;1;2;1
605;5;8;8;8;8;6;2;9;2;4;2;70;1;7;2;4;3
609;5;5;7;6;6;5;4;5;2;0;2;71;2;9;2;4;3
610;4;4;7;7;8;6;4;8;1;5;1;69;1;9;2;3;3
611;8;9;7;7;6;4;8;7;3;7;2;70;1;15;1;7;7
615;7;7;9;7;7;5;1;10;2;5;2;70;1;4;2;3;2
616;8;9;8;9;9;4;5;8;1;0;2;70;2;7;2;4;2
619;8;7;7;6;7;4;88;8;2;0;2;70;1;14;2;5;3
620;5;7;5;5;7;7;6;7;3;3;2;70;1;6;2;4;2
628;6;6;6;7;7;6;4;8;2;3;2;70;1;11;2;1;1
629;2;4;5;2;7;2;6;9;2;3;2;71;1;4;2;8;4
630;8;8;8;7;7;6;5;10;1;0;1;70;1;8;1;2;2
631;5;5;5;10;10;7;5;10;1;7;2;70;1;7;2;2;2
632;8;9;6;8;8;6;5;10;1;0;2;70;2;3;2;2;2
633;7;8;5;5;6;4;5;8;2;2;2;70;1;2;2;3;2
635;8;8;7;7;8;6;6;8;3;0;2;69;1;3;2;4;3
640;7;8;8;6;4;3;2;8;3;3;1;69;1;12;2;4;4
641;5;8;4;6;7;4;6;7;1;8;2;69;2;3;2;1;4
642;8;9;4;8;10;7;5;8;2;6;2;69;1;11;1;1;1
643;8;7;7;3;6;3;5;9;2;8;1;69;1;12;2;2;2
645;6;6;7;7;8;6;4;9;1;0;2;69;1;11;1;3;3
646;8;9;8;8;7;7;5;9;2;2;1;69;1;8;3;4;1
649;9;8;8;9;9;7;6;8;2;0;2;69;2;3;4;2;3
650;9;8;8;8;10;6;2;8;1;0;1;69;1;12;4;5;4
651;6;6;4;6;7;5;5;8;1;8;2;69;1;17;1;2;1
653;8;9;10;9;9;7;7;9;1;8;2;69;2;13;1;3;3
658;8;8;8;88;6;88;7;4;3;2;2;69;2;17;4;4;4
659;3;8;1;7;3;3;6;8;2;1;1;69;1;7;4;4;3
662;8;8;9;2;4;1;1;7;3;5;2;69;2;5;4;4;5
663;3;7;8;7;6;5;5;8;2;1;1;69;1;11;3;4;4
664;10;8;7;7;8;5;5;8;3;2;1;69;2;20;2;3;4
665;6;8;8;6;6;8;6;10;1;6;2;69;1;3;1;3;2
669;9;10;5;7;8;7;7;10;2;8;2;69;2;8;3;3;5
672;10;10;8;8;7;6;88;9;2;0;1;69;1;15;2;3;4
673;8;7;7;8;8;6;2;8;3;6;2;69;1;15;2;3;3
674;8;8;7;6;6;4;6;10;1;10;2;69;1;15;1;2;2
675;5;8;7;8;5;5;5;9;4;6;1;69;1;8;4;4;4
677;5;5;5;8;8;6;6;7;1;7;2;70;2;6;2;6;3
682;7;7;5;6;6;3;6;8;3;4;2;69;1;4;2;2;3
683;7;8;6;6;7;5;7;7;2;0;1;69;1;8;2;4;4
686;5;2;7;4;4;4;10;10;1;0;1;69;1;3;1;3;2
687;9;9;7;10;8;6;6;8;2;0;1;70;1;12;2;2;3
688;8;8;8;7;6;4;5;8;1;5;1;69;1;3;1;2;2
690;8;8;5;8;8;2;5;9;1;2;1;69;2;2;2;1;1
692;6;9;8;7;7;6;6;8;2;2;1;69;1;8;3;5;5
693;5;5;5;6;7;5;66;7;2;5;1;69;1;17;2;3;4
694;8;7;5;5;5;5;6;9;1;5;2;69;1;12;2;5;2
698;8;8;6;9;9;6;66;8;3;8;2;69;1;18;2;3;3
699;10;10;9;7;7;6;6;10;3;5;2;69;1;2;1;1;1
700;9;8;8;6;7;7;6;9;1;6;2;69;1;9;2;3;3
701;3;8;7;7;10;0;66;9;5;5;1;68;2;3;2;2;2
703;5;5;8;5;5;7;88;88;8;0;2;68;2;6;2;3;3
704;8;8;8;8;5;3;5;9;1;7;1;68;1;18;2;1;5
705;5;4;3;4;4;4;10;10;2;5;2;68;2;2;2;2;2
706;5;7;7;5;7;5;6;8;2;3;2;68;1;4;2;2;2
707;8;8;7;7;6;7;6;9;2;4;1;68;1;8;2;3;5
710;9;9;8;5;5;5;5;8;2;3;1;68;1;18;2;4;3
711;5;5;5;8;8;6;5;8;2;5;1;68;2;17;1;4;4
714;8;8;8;4;5;5;2;8;1;3;2;68;1;14;2;5;3
715;2;5;3;7;9;3;10;10;3;4;1;68;1;8;5;4;2
716;5;9;8;7;9;3;1;7;2;10;2;68;1;9;1;3;3
717;8;8;8;7;9;8;1;8;3;10;2;68;1;6;2;4;4
718;7;7;9;8;7;5;6;10;1;0;1;68;1;4;3;5;4
721;8;7;7;8;7;7;6;9;2;5;2;68;1;13;3;3;4
722;7;8;8;5;7;7;5;8;2;5;2;68;1;2;2;2;2
723;3;3;3;2;2;2;2;6;2;2;1;69;1;14;2;2;5
724;7;7;7;5;6;5;6;9;1;1;1;69;1;7;2;5;2
725;8;8;6;4;5;3;2;10;1;0;1;68;1;5;3;4;3
726;7;9;8;9;9;7;5;8;2;0;1;69;1;13;3;5;4
727;9;9;6;3;4;5;6;8;3;0;2;68;2;15;1;5;3
728;10;10;9;5;5;3;6;8;2;5;2;68;1;2;2;5;4
731;5;5;6;6;8;1;5;8;3;2;2;68;1;4;2;4;3
734;8;8;9;7;6;8;7;8;2;2;1;68;1;7;1;3;1
735;6;7;10;6;8;1;10;10;2;5;1;68;1;2;1;1;1
738;6;9;9;9;7;7;1;9;2;6;2;68;1;4;2;3;4
739;8;8;8;8;8;6;6;10;2;8;2;68;1;3;2;2;4
740;4;5;7;3;6;4;6;6;3;5;2;68;2;3;1;2;2
741;9;9;8;7;6;6;7;8;2;3;1;68;2;3;2;4;3
743;7;7;8;7;6;4;6;9;1;4;2;68;1;11;2;2;3
746;8;9;9;7;7;4;6;8;2;1;2;68;1;3;2;2;3
747;7;8;9;6;6;6;10;9;3;0;2;68;1;3;2;3;2
750;6;10;8;8;7;6;6;10;3;3;1;68;1;4;1;1;1
751;3;8;7;5;6;5;5;8;1;5;1;68;1;10;4;3;2
753;0;5;1;4;1;1;6;0;5;0;2;68;1;7;1;3;3
754;9;8;9;8;7;6;2;6;3;0;1;68;1;14;2;3;3
755;6;7;7;5;6;3;6;10;3;4;2;68;1;2;2;2;1
756;8;9;9;9;10;7;5;9;1;0;2;67;2;14;2;1;1
757;5;7;3;1;6;2;5;9;3;0;1;67;1;2;1;5;2
758;7;7;7;5;4;2;3;7;2;4;1;67;1;10;2;4;2
762;8;8;8;7;10;1;5;6;3;5;2;67;1;3;2;4;4
765;6;7;4;9;8;5;5;3;2;4;1;67;2;11;2;1;4
766;8;10;6;5;4;4;5;7;3;2;1;68;1;4;2;3;3
768;6;7;5;7;6;7;3;8;3;6;2;67;1;9;4;4;4
769;7;5;8;7;6;4;5;9;1;2;2;67;1;11;1;2;3
770;6;7;7;2;2;3;6;7;2;5;1;67;1;7;2;2;3
771;9;8;9;2;2;2;5;9;1;1;2;67;1;3;4;1;2
772;3;4;5;6;6;4;88;8;3;2;2;67;1;7;2;5;5
774;7;7;8;7;6;6;77;10;2;6;1;67;1;4;1;1;3
776;9;9;8;5;10;4;5;8;1;6;2;67;2;11;2;4;4
777;7;8;8;9;7;7;2;8;2;2;1;67;1;17;3;1;2
778;5;5;5;3;5;5;5;8;2;5;1;67;1;7;1;1;1
780;0;6;6;3;7;3;7;10;2;1;2;67;1;13;2;3;2
781;2;3;3;1;1;0;6;5;3;4;2;67;2;3;3;3;2
785;9;8;4;9;8;3;5;9;2;7;1;67;1;10;2;2;2
786;2;3;3;2;2;5;6;8;3;5;1;67;1;2;4;3;5
788;7;4;8;7;7;5;5;9;3;5;2;67;2;16;3;1;2
789;7;2;10;10;10;7;7;8;2;8;1;67;2;12;1;1;1
790;3;5;3;7;5;3;7;8;2;0;2;67;2;2;3;2;2
791;0;8;7;9;9;4;10;10;2;8;1;67;1;10;2;1;1
792;8;7;5;7;8;6;6;9;1;0;1;67;1;18;2;4;3
793;4;6;6;2;9;7;1;8;3;7;2;68;1;4;2;3;3
794;8;8;8;8;8;6;6;7;2;0;2;67;2;13;2;5;3
795;8;10;7;5;5;5;2;10;2;0;2;67;1;4;2;2;2
796;8;8;5;4;7;5;6;7;5;5;1;67;1;6;3;3;2
799;5;4;4;4;4;5;88;8;3;6;2;67;2;4;2;2;2
801;8;8;6;7;7;5;7;7;2;0;2;67;2;11;2;5;4
802;5;7;4;8;8;3;6;8;1;7;1;67;1;8;2;3;1
803;5;5;10;0;5;0;6;10;3;0;1;67;1;3;2;1;5
807;7;7;8;7;9;6;5;9;2;3;1;67;1;7;3;3;4
809;8;8;7;10;8;8;1;8;2;5;1;67;1;6;2;3;3
811;4;9;7;0;5;3;5;10;2;8;2;67;1;12;2;1;3
812;7;5;3;5;7;7;6;7;2;5;1;67;2;1;3;2;4
814;7;9;8;8;6;5;6;8;2;2;2;66;1;3;2;5;3
818;7;5;7;5;5;3;6;8;2;6;1;66;2;9;4;4;4
819;6;7;5;9;9;6;6;8;2;10;1;66;1;2;1;1;3
820;8;8;9;8;8;6;6;8;1;1;2;66;1;13;2;5;5
821;7;9;7;6;7;8;7;8;1;6;2;66;1;14;2;5;3
822;7;7;7;5;6;5;3;8;1;6;2;66;1;2;3;2;4
826;7;2;9;8;8;2;6;7;2;3;2;66;2;6;1;1;1
829;6;8;6;1;1;5;1;7;2;4;1;66;1;14;2;2;3
830;7;7;6;8;6;6;3;7;2;5;1;66;1;7;2;3;2
835;7;9;7;7;6;7;6;7;2;3;1;66;1;8;3;4;2
836;8;8;9;8;8;8;5;9;2;4;2;66;1;9;2;3;3
837;0;0;5;7;7;5;6;9;1;5;2;66;1;4;2;2;2
838;6;8;6;7;9;6;88;9;2;2;1;66;1;4;2;4;2
843;8;9;8;8;9;6;6;10;2;0;1;66;1;3;1;1;3
845;6;10;10;7;7;5;2;10;1;5;2;66;1;10;1;1;2
847;4;5;7;6;8;2;2;8;1;0;2;66;1;4;2;3;4
849;3;3;4;1;1;0;66;8;2;5;2;66;1;15;2;4;2
851;10;8;8;3;2;3;7;8;2;0;1;66;1;14;4;5;3
854;0;1;7;10;10;10;66;0;3;0;1;65;2;3;7;7;7
857;7;9;6;7;10;4;6;8;1;0;2;65;1;12;2;4;2
858;1;3;6;6;6;4;88;9;2;0;1;65;1;11;2;4;3
859;8;7;8;1;3;0;88;9;3;6;2;65;1;2;1;4;3
861;0;10;10;4;6;5;6;8;4;1;2;65;1;7;1;2;2
862;8;8;7;8;7;5;6;8;2;3;1;65;1;13;3;3;2
864;1;1;5;3;3;0;88;10;1;0;1;65;1;2;2;6;2
865;3;4;2;3;4;0;88;7;2;3;2;65;1;4;3;3;3
868;3;2;4;4;4;1;6;8;3;0;1;65;1;6;4;6;3
869;7;7;8;9;9;6;5;10;1;7;2;65;1;5;4;4;4
870;8;7;8;5;8;2;6;10;1;2;1;65;1;12;2;3;1
871;8;8;8;3;7;3;6;10;1;0;1;66;1;4;2;5;2
872;5;8;8;8;10;3;7;8;2;9;1;65;1;15;1;1;3
875;8;9;8;6;7;0;5;8;2;5;1;65;1;4;1;1;3
876;8;8;7;7;7;5;6;8;3;2;1;65;1;4;3;6;3
881;5;7;3;5;7;2;6;8;2;0;1;65;1;2;2;4;3
882;6;8;7;5;7;4;1;9;2;2;1;65;1;2;2;2;2
887;7;7;7;7;6;6;6;6;2;6;1;65;2;15;4;3;3
888;8;7;7;6;6;5;6;8;2;4;1;65;1;4;3;5;5
891;8;7;7;7;7;5;6;8;2;5;2;65;1;3;2;5;3
893;7;7;5;6;7;5;5;7;3;1;2;65;1;10;2;3;3
894;6;8;7;7;8;5;6;8;2;2;1;65;1;2;2;2;2
896;8;8;10;3;8;2;6;10;2;2;2;65;1;4;1;6;1
898;5;8;3;2;4;0;6;1;3;88;2;65;2;4;3;6;6
899;0;6;2;2;4;3;77;7;3;0;2;65;1;3;1;1;2
901;8;4;6;7;8;5;6;2;3;2;1;65;2;2;4;3;5
904;4;9;8;5;6;4;1;8;2;3;2;65;1;3;2;4;4
905;5;5;2;2;6;0;10;5;2;3;2;66;2;4;2;3;4
906;5;7;7;7;8;5;6;8;3;5;1;65;1;4;2;5;1
907;8;8;8;8;5;1;77;8;2;1;1;65;2;8;3;6;4
908;7;7;7;7;7;7;6;8;2;1;2;64;2;11;2;6;4
909;8;7;7;5;3;5;6;8;2;1;2;64;1;15;2;3;5
912;1;5;5;5;6;5;7;8;3;8;2;64;1;2;3;3;2
913;7;7;7;8;7;6;4;8;3;0;1;64;1;5;4;5;3
914;7;10;8;8;3;5;77;9;1;5;1;64;1;5;2;2;4
916;8;8;7;88;7;1;7;9;2;0;2;64;1;7;2;3;2
918;7;9;9;9;10;5;88;10;1;5;2;64;1;2;1;2;1
920;4;5;5;5;5;3;88;9;3;3;1;64;1;11;4;2;3
921;7;7;3;7;2;3;6;7;2;5;1;64;1;4;2;5;2
922;8;8;6;7;9;6;6;8;2;7;2;64;1;4;1;1;2
923;7;5;5;5;6;3;7;7;2;0;2;64;1;9;2;4;3
924;5;6;7;4;3;3;10;9;2;3;2;64;1;6;3;2;3
925;7;8;5;5;7;6;6;8;3;3;2;65;1;4;1;3;3
927;7;6;8;7;7;6;5;6;2;6;2;64;1;11;2;4;2
928;5;8;7;8;8;5;88;9;1;0;2;65;1;3;1;1;1
929;7;6;4;8;5;7;5;7;2;0;1;64;1;18;5;5;2
930;4;8;10;4;10;5;6;10;2;88;2;64;2;7;2;2;2
931;77;77;77;77;77;77;66;77;7;77;2;65;1;14;1;1;3
933;9;9;8;8;9;7;5;9;1;6;2;64;1;20;2;3;2
938;8;9;7;7;7;5;7;10;2;0;2;64;1;10;2;5;2
939;8;8;7;6;7;6;6;8;3;1;2;64;1;13;2;4;1
942;6;7;8;4;6;4;4;9;3;4;2;64;1;3;1;3;3
943;7;7;6;7;10;4;5;10;1;0;1;64;1;10;1;2;2
944;4;4;3;7;6;6;7;9;2;9;2;64;2;14;4;6;3
947;6;6;8;5;5;4;8;9;3;3;2;64;1;13;1;2;4
950;7;3;7;7;7;5;2;8;1;7;2;64;1;12;2;2;3
951;5;7;8;5;6;3;6;9;1;1;2;64;1;4;2;2;2
952;3;5;8;4;8;5;5;9;3;4;1;64;1;2;2;2;4
954;6;6;7;7;5;6;5;9;2;6;1;64;1;6;2;2;2
955;8;8;7;7;8;5;3;10;1;0;1;64;1;4;1;5;1
956;7;7;6;7;7;6;5;8;1;0;1;64;1;4;2;3;2
959;7;7;4;7;7;4;77;7;2;0;1;64;2;15;3;4;3
960;7;7;7;7;5;5;5;9;1;2;1;64;1;11;2;2;2
961;10;10;10;10;10;5;7;7;2;6;2;64;2;13;2;4;4
963;5;5;3;5;6;2;88;10;2;0;2;63;2;3;1;2;5
965;10;9;8;6;5;5;2;8;2;3;2;63;1;8;3;3;2
967;5;5;6;7;7;6;2;8;2;4;2;63;1;3;2;5;2
970;5;3;5;7;7;6;5;7;2;0;1;63;2;18;1;4;2
972;8;8;5;7;7;2;10;7;4;5;1;63;1;7;1;6;4
976;5;8;7;7;7;3;6;9;1;2;1;63;1;4;1;4;1
981;5;4;4;3;3;2;6;7;2;3;1;63;1;4;1;2;4
983;8;8;9;6;6;4;6;7;2;1;2;63;1;11;2;3;3
984;7;7;8;8;10;8;1;9;2;2;2;63;1;13;3;3;5
985;10;8;8;6;5;4;7;8;2;0;2;63;2;13;2;3;3
986;4;7;6;7;6;7;6;7;2;4;1;63;1;3;4;2;2
988;7;10;5;7;7;6;7;8;2;5;2;63;1;5;3;4;3
989;7;7;6;7;8;5;5;8;2;6;2;63;1;11;2;2;2
990;10;9;9;8;8;4;5;9;1;3;1;63;2;8;3;5;4
992;7;5;3;9;8;4;1;9;2;3;2;63;1;5;2;4;4
995;9;9;8;10;10;8;6;8;3;7;2;63;1;10;1;1;2
996;5;7;5;7;6;5;5;8;2;5;1;63;1;4;2;3;4
997;6;8;5;8;8;1;7;7;2;1;2;63;1;4;2;3;3
998;2;5;8;8;8;3;5;9;2;3;1;63;2;11;1;6;4
1000;8;8;8;5;5;5;5;10;2;3;2;63;2;11;2;5;4
1001;7;7;3;4;4;4;6;8;3;0;1;63;1;4;3;4;2
1002;1;5;5;0;0;2;6;5;2;3;1;63;2;3;1;1;2
1003;7;7;7;5;7;4;5;10;1;1;2;63;1;5;1;1;1
1006;8;5;4;9;3;6;6;9;2;1;2;64;1;14;1;2;2
1008;6;7;4;8;8;6;7;9;2;2;1;63;1;7;2;2;3
1009;7;9;7;8;8;7;3;9;2;10;2;63;1;13;2;4;3
1012;3;5;3;6;6;3;77;10;1;10;2;63;1;11;2;3;3
1013;8;8;8;7;8;2;7;5;3;0;2;63;2;3;3;4;5
1014;8;8;8;7;7;7;2;8;1;2;1;63;1;10;3;3;2
1018;9;8;6;8;8;7;7;9;2;7;2;62;2;18;3;2;4
1019;2;5;5;7;7;3;6;7;2;4;2;62;2;7;2;1;2
1020;8;8;8;5;3;3;4;8;2;3;1;62;1;8;3;5;2
1024;8;7;6;7;6;7;4;6;2;5;1;62;1;15;2;4;4
1027;6;6;6;7;6;6;5;7;2;7;2;62;2;5;4;4;3
1029;2;8;2;5;1;2;10;8;2;5;1;63;1;1;4;5;5
1030;7;5;7;6;7;6;6;8;2;5;2;62;2;6;3;2;3
1031;7;7;8;88;10;5;5;9;2;1;2;62;1;6;2;2;2
1033;5;5;5;6;8;2;66;10;1;0;2;62;1;5;2;5;3
1034;5;5;1;5;5;5;66;5;3;1;2;63;2;2;1;1;2
1040;5;8;6;10;8;7;6;8;2;2;2;62;1;10;2;5;2
1041;8;8;6;6;8;5;6;10;1;2;2;62;1;10;2;3;2
1042;10;10;7;9;7;5;8;8;1;7;2;63;2;20;3;3;2
1043;7;8;7;9;9;6;6;9;2;0;1;62;1;7;2;4;4
1044;8;8;5;8;9;6;5;8;2;3;1;62;1;8;2;2;4
1045;8;5;4;5;4;5;7;6;3;0;1;62;2;11;1;5;5
1046;10;9;7;9;7;8;66;10;1;0;1;62;1;20;2;5;5
1047;8;7;7;7;7;5;6;8;3;5;1;62;1;7;3;5;4
1050;3;5;6;5;2;1;88;8;2;6;2;62;1;12;3;3;5
1052;7;8;5;8;8;3;10;8;3;1;1;62;1;4;3;3;4
1053;2;7;7;8;8;4;88;8;2;0;1;62;2;5;1;5;5
1056;3;7;8;3;5;2;10;1;4;4;1;62;2;7;2;4;4
1058;7;8;6;6;8;3;6;10;3;1;2;62;1;4;2;2;5
1059;6;7;5;8;9;7;5;5;3;1;1;62;1;4;3;4;3
1062;8;8;8;7;8;5;6;7;3;1;2;62;1;7;2;4;2
1063;10;5;6;6;7;7;6;5;3;7;1;62;2;3;2;2;2
1064;10;10;7;10;10;7;6;10;1;0;1;62;1;8;2;5;3
1066;5;4;6;5;6;3;6;9;2;10;1;63;1;5;2;2;2
1069;7;5;5;5;5;5;4;8;2;5;2;62;1;14;4;4;2
1071;2;6;7;3;4;4;8;7;2;5;2;61;1;13;2;1;1
1074;10;10;3;6;8;4;10;10;3;8;2;61;1;11;1;3;6
1076;9;8;9;7;6;7;3;9;2;9;2;61;1;15;1;4;3
1077;8;7;6;9;8;7;1;7;1;7;2;61;1;10;2;3;4
1079;10;8;8;3;3;0;2;5;1;0;2;61;2;17;3;6;3
1083;7;8;6;7;8;2;88;8;3;0;1;61;1;4;3;2;2
1084;5;7;7;7;7;5;10;10;1;5;1;61;1;4;2;1;2
1087;8;9;6;9;8;6;5;9;3;8;1;61;1;8;2;2;4
1088;8;8;8;5;5;2;10;5;4;3;1;61;1;3;3;4;3
1090;6;7;6;6;7;5;3;8;3;6;1;61;1;6;4;4;4
1091;7;7;7;7;7;6;6;6;2;1;1;62;2;3;2;1;2
1094;9;8;4;9;9;7;6;8;2;2;1;61;1;4;4;4;4
1095;7;5;8;6;7;2;6;8;3;0;1;61;1;6;3;2;4
1098;9;8;7;6;5;7;6;7;1;2;1;61;1;11;3;3;3
1099;7;1;8;8;6;7;6;7;2;7;1;62;2;2;2;3;2
1100;2;3;3;6;3;7;10;5;3;7;2;61;1;2;6;6;4
1101;3;6;2;6;8;4;66;8;2;3;1;61;1;8;2;4;3
1107;5;5;5;5;7;4;1;7;2;2;1;62;2;5;2;4;4
1108;4;6;3;7;7;5;66;6;4;2;2;61;1;8;1;2;3
1109;6;7;6;6;4;2;5;7;2;1;2;61;2;7;2;3;2
1111;0;0;3;6;6;4;10;8;1;8;1;61;2;7;2;2;2
1112;7;5;5;5;5;3;10;9;3;1;1;61;1;3;3;6;2
1113;7;7;6;4;5;4;66;6;2;5;1;61;1;6;2;6;5
1115;7;6;6;6;6;5;6;8;1;1;1;61;1;6;2;4;3
1117;7;5;4;8;8;7;6;7;5;0;1;60;1;10;3;5;3
1120;10;9;9;2;3;5;5;9;2;0;1;60;1;18;3;4;3
1122;7;8;8;6;7;6;6;9;2;4;2;61;1;11;1;1;1
1124;7;7;6;2;6;2;10;8;2;3;1;60;1;3;4;3;2
1125;8;8;6;7;8;5;5;9;2;3;2;60;1;20;3;3;2
1126;3;7;3;4;3;5;6;6;4;0;2;60;2;10;2;3;4
1127;5;9;8;6;7;5;3;9;2;10;2;60;1;13;1;1;4
1128;5;7;9;3;5;3;6;10;1;5;2;60;1;5;1;2;1
1131;4;7;4;1;2;0;6;9;1;0;2;60;2;3;2;5;3
1132;8;9;7;4;5;4;6;8;2;2;2;60;1;13;2;1;2
1133;7;7;3;8;6;6;2;9;2;0;1;61;1;3;3;6;3
1134;5;7;8;6;8;6;6;5;3;2;2;60;2;5;1;6;2
1135;8;7;7;6;8;6;6;8;1;0;1;60;1;7;2;3;3
1137;7;8;7;6;7;7;6;7;3;4;2;60;1;5;1;2;2
1138;7;7;6;7;7;6;2;8;1;2;1;60;2;20;3;3;3
1139;8;10;7;8;9;4;7;8;3;3;1;60;1;9;2;1;4
1140;5;6;6;3;3;4;5;9;2;7;1;60;2;4;1;5;4
1141;0;5;3;3;3;1;10;10;1;5;1;60;1;7;3;1;2
1144;8;8;8;8;9;5;6;8;1;7;2;60;1;11;4;3;4
1145;10;9;10;10;10;7;6;9;2;0;2;60;1;10;1;2;4
1148;8;8;3;6;8;5;5;8;2;0;1;60;1;12;4;4;2
1153;7;7;6;6;8;3;3;8;1;10;2;60;1;7;1;1;3
1156;6;8;7;8;8;6;2;9;1;2;1;60;1;8;2;4;3
1157;6;5;5;5;4;5;6;8;2;1;2;60;1;10;2;3;2
1158;10;8;5;8;8;2;7;6;2;0;2;60;1;14;1;6;1
1159;7;7;5;4;6;4;5;8;1;0;2;60;1;5;3;6;1
1162;8;7;6;7;7;7;66;6;2;4;1;60;2;5;2;5;4
1164;5;8;9;8;9;7;6;10;2;0;2;60;1;7;3;4;4
1168;3;3;4;6;9;3;6;7;3;10;2;59;1;15;2;1;2
1169;6;6;7;4;4;4;5;8;1;4;2;59;1;15;4;4;2
1171;5;5;3;2;2;0;66;5;2;0;1;60;1;3;2;1;2
1172;3;4;4;7;9;5;4;8;2;5;2;60;1;10;3;3;3
1175;8;8;6;6;6;6;5;8;2;3;1;59;1;6;2;2;3
1178;7;7;4;6;7;8;4;9;2;2;1;59;1;6;3;3;4
1183;5;5;5;8;7;7;6;7;2;1;1;59;1;7;1;3;3
1185;7;6;6;8;8;4;7;7;2;1;2;58;1;10;2;2;1
1187;3;9;5;3;7;5;6;9;2;2;2;59;1;4;1;3;4
1188;7;6;5;8;8;5;6;8;2;3;1;59;1;3;4;4;4
1189;8;8;7;8;8;7;6;7;1;0;2;59;1;5;2;2;2
1191;8;7;7;9;8;6;5;8;2;0;1;59;1;11;1;5;2
1194;8;8;7;9;6;4;5;8;2;3;2;59;1;9;2;2;4
1196;9;3;5;8;9;2;5;4;4;1;2;59;2;12;2;6;5
1197;7;7;7;9;8;6;2;8;1;0;2;60;1;5;1;4;3
1199;2;7;3;9;9;3;66;10;1;0;2;59;1;13;2;5;4
1200;9;9;9;8;8;8;2;7;1;0;1;59;1;5;1;3;3
1203;8;8;8;7;8;8;1;8;3;3;1;59;2;7;1;1;2
1205;6;5;5;7;5;5;6;7;1;4;1;59;1;7;4;3;4
1206;7;5;8;7;8;7;6;7;3;7;2;59;1;6;1;1;2
1208;7;7;7;8;8;5;66;9;1;4;1;59;1;11;4;3;3
1209;5;8;6;5;5;3;5;8;1;0;1;59;1;6;1;3;2
1211;10;9;8;8;8;8;8;8;1;2;1;59;1;5;1;5;4
1212;8;8;1;9;9;6;4;7;2;10;1;59;1;18;3;2;3
1213;7;8;8;5;2;5;5;8;1;6;1;59;1;18;1;4;3
1216;7;7;8;5;5;4;6;8;2;5;1;59;1;6;2;3;2
1217;2;2;0;5;5;6;7;3;5;0;1;59;1;9;2;2;4
1221;8;9;9;9;9;8;6;8;1;1;1;58;2;6;2;5;4
1225;7;5;6;6;6;5;7;8;2;4;2;58;1;15;2;4;4
1226;5;8;8;7;9;6;10;6;2;1;1;58;2;10;3;4;3
1227;8;9;9;9;8;7;66;10;1;0;2;58;1;15;1;5;1
1228;8;8;8;4;4;5;1;7;2;4;1;58;1;8;2;2;3
1233;6;6;6;5;5;3;6;3;2;2;2;58;2;11;3;4;4
1236;8;8;5;8;8;7;6;8;2;8;2;58;1;11;1;2;4
1238;7;7;4;8;9;7;5;8;1;5;2;58;2;13;2;4;1
1239;5;6;6;8;7;5;6;7;1;0;2;58;1;15;2;2;1
1241;6;4;5;6;9;5;6;5;4;0;1;58;2;4;2;5;2
1243;6;5;5;3;4;2;6;8;2;2;1;58;1;8;2;4;4
1244;8;8;8;9;8;8;7;7;1;0;2;58;1;15;3;5;4
1246;9;8;7;6;7;3;5;7;2;0;1;58;2;9;1;5;3
1247;3;5;5;7;6;3;10;5;3;3;1;58;2;3;1;2;2
1249;3;6;7;5;7;0;10;6;3;3;2;58;1;10;1;1;1
1254;8;7;5;8;8;5;5;10;1;5;2;58;1;6;2;3;3
1255;5;7;7;3;7;3;6;10;1;0;1;58;1;3;1;1;1
1257;8;6;8;7;5;6;5;5;1;0;1;58;1;14;3;3;4
1258;2;5;6;7;7;4;77;7;3;5;1;58;1;6;2;4;3
1264;8;9;10;5;5;5;6;10;1;4;1;58;1;3;2;3;2
1268;7;8;6;7;7;5;6;4;3;6;2;57;2;9;2;4;3
1272;8;10;9;7;8;7;4;8;2;0;2;57;1;20;2;4;4
1276;7;5;2;6;7;3;6;7;3;3;2;57;1;4;1;2;2
1277;8;8;5;10;10;8;6;8;2;0;2;57;1;7;1;1;5
1284;6;6;6;4;7;2;1;9;2;1;1;57;2;14;2;1;2
1286;6;7;7;7;7;3;5;8;3;7;1;57;1;12;2;1;2
1288;7;8;4;6;9;4;5;8;2;0;1;57;1;9;1;6;2
1289;8;7;7;3;5;3;2;10;1;0;2;57;1;9;1;6;3
1291;7;8;10;7;7;7;10;6;3;2;1;57;2;4;4;3;2
1293;7;7;7;4;3;4;6;8;3;6;2;57;1;10;3;1;3
1294;7;7;7;6;6;4;4;8;1;2;2;58;1;6;3;1;2
1295;6;6;4;4;7;4;1;9;1;3;2;58;1;11;2;1;2
1298;8;9;9;8;9;7;6;9;2;0;2;57;1;7;4;5;4
1301;3;4;4;4;3;3;4;8;3;10;2;57;1;17;1;1;1
1305;2;6;3;6;6;2;6;5;3;5;2;57;2;9;3;3;2
1306;5;7;7;2;8;2;5;8;2;4;2;57;2;7;1;4;5
1311;5;5;5;4;4;3;5;9;2;0;1;56;1;3;2;3;4
1313;7;6;6;88;7;88;66;8;3;3;2;56;1;13;2;6;2
1314;7;7;7;8;8;6;4;9;2;8;2;56;2;15;2;4;1
1315;3;3;5;1;1;3;7;7;3;4;1;56;1;3;2;3;4
1316;10;8;6;7;8;4;6;10;2;1;1;56;1;6;2;3;2
1317;6;6;6;8;8;5;5;9;1;1;2;56;1;13;1;1;1
1319;9;9;5;9;7;6;7;6;2;3;2;56;2;12;2;3;2
1320;2;1;7;3;5;1;10;8;3;3;2;56;1;13;1;5;2
1323;4;3;3;5;7;4;5;5;3;3;1;56;2;7;3;3;3
1326;3;6;6;5;4;4;66;3;5;1;2;56;1;11;2;6;4
1328;5;88;88;88;88;88;66;88;8;88;1;56;2;8;8;8;8
1329;9;9;7;8;8;5;1;8;2;4;2;56;1;11;2;3;3
1331;8;9;8;8;8;7;2;9;4;5;2;57;1;14;1;3;1
1332;5;7;2;3;2;2;6;5;4;6;1;56;1;4;2;3;5
1333;5;3;5;8;7;1;5;10;1;10;1;56;2;4;8;8;8
1334;8;8;7;10;10;8;6;10;1;1;1;56;1;14;3;3;3
1337;7;8;6;10;9;7;6;9;2;0;1;56;1;7;3;5;3
1338;6;4;6;7;7;3;4;8;1;3;1;56;1;15;3;4;4
1339;7;9;7;7;7;6;6;9;2;5;2;56;1;13;1;2;4
1340;7;7;8;9;8;6;5;8;2;0;1;56;1;9;2;4;4
1342;8;88;7;10;10;8;88;4;4;2;2;56;2;4;2;5;3
1344;5;5;4;9;7;2;66;8;1;3;1;56;2;14;3;4;4
1347;7;6;7;8;8;6;5;6;2;4;1;56;1;8;2;3;3
1349;5;9;8;8;8;6;5;9;2;0;2;56;1;5;3;3;4
1356;6;5;8;5;6;4;6;7;2;0;1;56;1;4;2;4;3
1357;7;5;3;6;8;8;6;8;3;5;1;56;1;14;1;6;3
1358;10;6;6;8;6;6;7;10;2;2;1;56;1;15;1;6;3
1359;5;4;7;8;7;5;6;9;4;7;2;56;9;6;2;3;2
1360;4;6;4;5;5;4;5;8;1;4;2;56;1;10;1;1;3
1363;8;8;6;7;7;4;66;9;2;0;1;56;1;3;2;3;3
1365;7;7;8;6;8;7;6;9;1;0;1;55;1;12;2;5;3
1367;4;7;5;4;6;4;7;5;2;2;2;55;2;3;3;4;3
1369;6;8;7;7;8;5;6;8;2;0;1;55;1;3;2;3;2
1370;7;8;9;0;0;0;6;10;2;1;2;55;1;3;1;1;1
1375;3;5;5;7;7;3;66;9;5;3;1;56;1;7;1;3;3
1378;7;6;5;7;9;6;4;8;1;3;1;55;2;10;2;1;1
1380;7;7;8;9;10;7;6;6;1;7;1;55;1;8;1;1;2
1382;5;5;4;8;7;7;6;8;3;0;2;56;1;5;2;2;1
1385;7;7;7;7;7;5;6;9;1;5;2;55;1;6;2;4;4
1387;7;8;4;5;5;3;5;6;3;4;2;55;1;12;1;2;3
1388;7;7;7;2;7;2;66;5;5;2;1;55;2;6;1;2;2
1389;7;7;5;10;10;8;3;10;1;10;2;999;1;9;2;2;5
1393;6;7;8;10;10;7;6;10;2;4;1;55;1;4;2;5;2
1395;7;7;6;4;5;2;88;8;1;7;1;55;1;11;2;2;2
1398;5;5;3;7;7;4;2;9;1;3;2;55;1;9;2;4;3
1400;7;7;7;7;8;6;1;8;2;2;2;55;1;10;3;3;3
1401;1;5;2;8;8;3;10;5;1;6;1;55;1;3;1;4;4
1405;7;7;7;8;8;88;10;10;1;7;2;55;2;1;3;2;2
1406;8;9;8;8;8;6;2;8;2;2;1;55;1;7;3;2;3
1410;9;10;8;7;6;6;6;8;2;7;2;55;1;11;2;4;4
1411;7;7;5;8;8;5;6;7;3;3;2;55;1;7;2;3;3
1412;8;7;7;7;7;7;6;8;1;0;1;55;1;3;2;5;4
1417;7;8;8;7;7;4;88;7;1;6;2;55;2;16;2;1;4
1420;6;7;4;7;5;4;1;9;3;5;2;55;1;10;3;3;4
1422;9;9;6;8;9;8;6;8;2;0;1;55;1;7;2;4;2
1424;5;8;7;3;8;3;10;4;5;0;1;56;1;7;1;5;4
1425;7;5;8;4;3;2;7;8;3;5;2;55;1;15;1;2;4
1433;0;2;3;3;3;2;5;10;4;4;2;54;1;13;1;3;4
1437;8;7;7;9;9;5;2;7;1;10;2;54;2;13;1;2;2
1441;9;8;7;8;7;7;5;9;2;5;1;54;1;15;1;3;2
1444;5;5;5;8;8;5;88;10;3;9;2;54;1;6;2;1;3
1445;3;5;5;6;6;5;6;9;2;1;1;55;1;4;2;5;2
1446;2;2;3;1;2;1;10;5;3;0;1;54;1;3;2;2;3
1447;7;8;8;7;8;5;6;8;1;2;2;54;2;13;4;2;3
1448;8;8;7;8;8;8;4;7;4;0;2;54;2;20;1;4;3
1452;9;7;8;7;6;6;7;7;1;1;1;54;1;7;2;5;2
1457;7;6;3;2;5;0;1;8;2;3;2;54;2;11;1;5;3
1458;7;9;9;7;7;0;66;9;4;10;2;54;1;5;1;1;2
1459;7;5;8;0;8;4;6;10;1;6;2;54;1;2;2;1;3
1460;7;8;7;8;8;8;6;10;2;8;2;54;1;13;3;3;2
1467;7;7;6;8;8;6;5;8;1;0;1;54;1;7;4;4;4
1470;7;8;7;8;8;6;3;9;1;10;2;54;1;13;2;3;1
1472;5;7;88;7;10;7;6;9;2;0;2;54;2;11;2;2;2
1473;7;7;5;7;5;6;6;7;3;2;1;54;1;8;3;4;2
1476;8;8;5;8;9;6;1;8;2;1;1;54;1;15;3;3;3
1480;8;9;6;9;4;7;5;9;2;3;1;54;1;10;1;4;3
1481;7;7;7;10;10;6;77;8;2;7;2;54;1;9;1;2;1
1482;6;5;5;7;7;5;5;8;1;0;1;53;1;11;3;5;1
1484;6;8;7;8;8;5;66;8;3;1;2;53;1;6;3;5;4
1486;3;5;2;10;7;2;6;8;1;10;1;53;1;15;2;3;5
1494;7;8;8;7;7;6;6;8;2;7;2;53;1;13;2;3;4
1497;7;7;5;6;8;7;5;8;1;5;1;53;1;7;3;3;2
1498;9;9;7;9;7;7;6;8;1;0;2;53;1;18;2;4;3
1503;7;7;9;8;9;7;6;7;2;10;2;53;2;17;1;3;1
1505;3;7;3;2;2;1;10;5;4;2;1;53;1;3;2;2;2
1507;3;5;5;2;2;2;5;8;2;2;1;53;1;3;1;4;4
1508;10;9;7;8;8;7;7;8;1;0;2;53;1;6;1;3;1
1509;5;10;10;10;7;10;6;8;4;3;1;54;2;3;8;8;8
1512;5;8;5;6;6;5;4;8;2;2;2;53;1;6;2;4;2
1513;3;2;5;4;5;2;10;9;4;5;2;53;2;10;2;1;2
1515;8;8;8;10;10;7;4;8;1;2;1;53;1;15;2;2;2
1516;10;9;7;4;5;1;4;7;3;2;2;53;2;13;1;5;2
1520;9;9;9;1;8;0;5;10;2;2;2;53;1;18;3;6;3
1521;7;7;5;6;7;7;5;8;2;2;1;54;1;8;4;4;4
1524;7;7;8;6;7;5;5;8;2;2;2;53;1;14;2;4;3
1525;5;8;7;3;7;2;5;10;1;0;2;53;1;9;2;5;2
1527;4;6;3;7;4;5;5;9;2;0;2;53;1;3;1;6;2
1530;10;10;10;7;8;5;88;8;1;0;2;53;2;13;2;1;2
1531;8;8;7;8;8;7;5;8;2;5;1;53;1;12;4;4;3
1533;8;9;3;5;7;6;7;88;2;8;1;53;2;12;1;2;2
1535;8;7;7;6;7;5;5;9;1;8;1;53;1;11;2;2;3
1550;5;6;7;9;9;8;6;7;3;5;1;52;1;13;4;3;3
1560;8;7;6;8;8;7;5;7;3;5;1;52;1;13;2;2;2
1561;5;7;7;5;5;6;10;6;2;2;1;52;2;6;2;2;3
1563;8;8;8;2;3;2;6;8;2;0;1;52;1;3;2;4;3
1568;7;7;7;5;8;4;88;9;2;8;2;52;1;13;2;3;5
1571;8;9;7;6;8;6;2;7;2;5;1;52;2;11;2;3;1
1575;8;7;6;5;3;5;1;8;1;0;2;52;2;20;3;5;3
1578;7;6;6;7;7;6;8;7;1;4;2;53;2;13;1;3;3
1579;4;6;6;6;6;3;5;7;1;0;1;60;2;7;2;4;2
1582;9;9;9;9;9;8;77;9;1;2;2;52;1;11;2;3;3
1583;7;8;3;5;5;4;7;2;5;8;2;52;1;12;1;3;1
1585;7;4;7;4;5;4;6;8;1;1;1;52;1;3;3;2;2
1586;8;8;6;9;8;8;5;7;2;5;1;52;1;18;3;5;5
1588;5;6;5;8;8;4;6;7;2;0;1;52;2;3;2;4;1
1589;9;8;6;5;5;5;1;7;2;8;1;52;2;20;1;3;4
1590;6;7;7;6;7;5;6;8;2;3;2;52;1;3;4;2;3
1592;6;7;6;8;8;7;5;10;2;0;1;53;1;11;2;4;3
1593;7;8;5;8;8;7;6;7;2;0;2;52;1;9;2;4;4
1594;2;3;5;0;1;0;10;8;2;0;1;52;1;3;1;6;3
1596;5;7;5;8;8;4;6;8;2;2;2;52;1;3;2;2;3
1597;6;5;3;3;3;4;6;6;2;0;1;52;2;4;2;5;5
1599;1;3;4;4;3;3;8;6;2;1;2;52;2;17;2;6;3
1600;0;3;3;3;5;0;7;7;1;7;1;52;1;20;4;2;4
1601;10;10;10;7;5;7;1;9;1;0;2;52;1;14;2;4;3
1603;10;8;8;8;8;6;4;8;2;1;2;52;2;17;1;5;3
1605;7;7;7;5;7;6;5;9;2;5;1;52;1;8;1;2;1
1606;7;7;5;8;8;5;3;8;2;5;2;52;1;12;2;4;4
1608;8;7;7;9;6;7;6;8;1;0;1;52;1;14;4;5;4
1610;6;6;6;4;4;2;10;10;1;0;1;51;2;7;2;4;3
1611;5;5;7;8;9;5;6;7;2;5;1;51;1;11;2;3;4
1612;7;7;6;1;6;2;88;8;2;0;1;51;1;17;2;2;1
1617;7;8;8;7;7;5;6;7;1;5;2;51;1;13;2;2;3
1618;6;6;5;7;7;5;5;8;1;0;1;52;2;5;2;5;2
1620;7;8;9;6;6;1;7;8;3;0;2;51;1;10;1;3;6
1622;4;8;8;9;10;7;6;7;1;2;2;51;1;4;2;2;4
1623;5;8;9;4;8;3;3;9;2;6;2;52;1;10;1;3;1
1625;8;9;6;8;8;7;3;9;2;10;1;51;1;14;2;2;3
1627;5;5;7;6;6;1;5;8;2;0;2;51;1;13;1;3;4
1628;4;4;3;4;4;3;88;7;2;3;1;51;1;3;4;3;4
1630;5;7;7;0;8;0;7;10;4;0;1;51;1;7;1;6;1
1631;6;6;6;8;7;6;6;7;2;0;2;52;2;10;1;4;2
1632;7;7;7;5;5;7;5;9;2;0;1;51;1;8;2;2;2
1634;9;8;8;6;3;6;2;7;2;6;2;51;2;17;2;3;2
1636;5;3;4;8;6;4;5;9;2;1;1;51;1;15;3;3;5
1643;7;7;6;6;6;5;4;8;2;6;2;51;1;13;2;3;3
1649;3;3;3;3;3;4;10;9;2;4;1;51;1;3;2;2;3
1650;4;8;7;6;9;6;88;9;2;0;1;51;1;18;3;5;5
1654;10;9;7;8;9;3;77;9;1;5;2;51;2;15;1;5;1
1657;7;8;7;7;7;6;3;8;2;5;1;51;1;11;3;2;4
1659;6;8;7;8;8;4;5;9;3;0;1;51;1;15;1;1;1
1661;8;7;7;8;7;6;6;9;1;0;1;51;2;13;2;5;1
1662;7;7;4;7;7;5;3;8;2;10;2;51;1;7;2;3;3
1667;8;8;3;8;8;5;5;9;1;1;1;51;1;10;2;3;2
1670;10;10;8;8;7;8;66;8;2;6;1;51;1;8;2;4;3
1677;5;5;7;8;9;8;4;8;2;5;1;50;1;10;2;3;2
1678;7;9;7;5;8;4;6;7;2;1;2;50;1;10;2;4;2
1682;7;7;7;9;8;6;6;7;3;5;1;50;2;6;2;2;2
1683;7;7;6;9;9;2;2;8;2;7;2;50;1;13;2;3;3
1684;9;9;9;8;6;6;5;7;2;7;1;53;1;8;3;8;8
1685;7;7;8;9;8;3;88;8;2;3;2;50;1;15;2;5;2
1688;8;88;7;5;7;5;6;8;1;0;2;50;1;6;2;4;2
1690;7;6;5;5;5;5;5;9;1;0;1;50;1;12;4;5;4
1691;5;8;7;10;6;7;4;8;2;0;1;50;1;10;3;4;3
1693;7;7;6;8;7;5;5;8;1;0;1;50;2;7;1;5;1
1695;7;8;7;6;4;2;5;9;1;10;1;50;1;7;2;3;4
1696;5;4;4;5;4;4;5;9;1;3;1;50;1;7;4;3;2
1699;6;3;6;7;9;0;10;8;3;0;1;50;2;12;2;4;1
1704;6;6;6;5;5;5;10;8;1;4;2;50;2;13;1;2;1
1705;5;8;8;2;2;2;6;7;2;8;2;50;2;5;2;1;4
1707;7;7;5;6;7;6;5;8;2;7;2;51;2;9;2;4;2
1710;9;9;9;3;3;1;6;8;2;0;2;50;1;6;2;2;3
1713;8;8;9;8;9;7;6;7;2;4;2;51;1;5;2;3;2
1714;7;7;8;5;5;4;5;7;1;2;1;50;2;6;2;4;2
1716;7;4;6;8;7;5;5;8;2;2;1;50;1;13;2;3;3
1720;5;5;5;7;7;6;5;7;1;1;1;50;1;8;2;5;1
1729;8;8;5;6;6;6;2;8;2;0;1;50;2;13;3;6;2
1730;5;8;6;5;7;1;6;8;2;3;2;50;1;12;1;6;5
1731;3;4;6;8;8;6;4;7;1;10;1;50;1;8;1;1;2
1735;8;8;3;7;8;5;6;9;2;2;1;49;1;4;4;5;2
1739;8;8;7;7;8;7;6;9;1;0;2;49;1;11;1;5;2
1742;8;9;8;9;9;7;10;9;1;3;1;49;2;10;1;2;2
1744;7;5;7;7;7;4;5;7;3;6;1;49;1;9;2;2;2
1745;3;3;3;3;4;2;10;9;2;0;1;49;1;6;2;3;3
1748;5;4;3;6;7;4;66;6;3;8;2;49;1;15;1;5;5
1749;7;7;4;6;6;4;4;8;1;6;2;49;1;14;3;4;4
1752;7;7;3;8;9;5;3;8;2;6;1;49;1;20;2;3;3
1758;4;8;8;9;9;7;5;9;2;2;2;49;1;6;1;3;4
1759;8;8;6;6;7;4;2;7;4;6;2;49;1;20;1;3;2
1761;7;8;5;7;7;6;6;7;1;0;2;49;2;12;3;4;1
1762;7;5;7;8;7;7;6;4;3;1;1;49;2;11;3;1;1
1767;10;9;9;8;8;4;5;9;2;5;1;49;1;4;3;3;3
1768;5;7;5;8;7;7;6;3;3;5;2;49;1;14;1;3;3
1772;5;5;9;7;7;7;2;6;3;2;2;49;2;13;2;6;1
1773;6;6;5;6;7;4;1;7;2;6;2;49;1;13;1;2;3
1779;8;7;6;6;7;7;5;8;2;6;2;49;2;9;2;2;2
1780;7;6;5;7;3;4;6;8;2;0;2;47;1;12;3;5;3
1784;8;8;9;9;9;8;5;8;1;3;1;49;1;11;2;2;2
1786;7;8;6;7;8;5;5;10;2;5;2;49;1;17;1;1;4
1790;8;8;7;8;8;6;6;8;2;1;2;49;1;11;1;4;4
1792;5;5;7;8;9;3;5;8;2;2;1;49;1;9;3;3;3
1801;7;7;7;6;6;6;2;7;2;5;1;48;1;6;2;2;2
1802;9;9;9;8;6;8;5;7;2;2;1;48;1;17;2;5;2
1803;5;7;7;7;7;4;5;8;2;1;1;48;1;9;2;3;1
1805;7;8;8;8;8;7;6;9;1;4;2;48;2;7;2;1;1
1811;7;7;7;8;8;4;5;9;1;4;2;48;1;10;1;4;1
1812;7;7;7;8;4;3;6;5;2;0;1;48;2;10;3;6;3
1814;8;9;7;7;7;5;2;10;1;0;2;999;9;7777;7;7;7
1817;7;8;4;8;8;6;1;6;2;2;1;48;1;15;2;5;1
1818;8;8;5;10;10;5;6;10;1;0;2;48;1;6;1;2;3
1819;6;6;7;9;10;5;3;10;1;8;1;48;1;11;1;1;2
1820;9;9;9;3;88;3;2;8;3;6;2;48;1;15;2;2;2
1824;8;8;8;8;8;6;2;8;2;5;2;48;1;7;1;4;2
1826;4;6;4;6;6;3;10;10;1;0;1;48;1;6;3;1;1
1827;8;7;8;8;8;6;5;7;2;3;1;48;1;15;2;2;3
1828;5;8;5;8;8;6;5;8;1;0;1;48;1;10;2;6;2
1830;5;7;2;6;8;7;6;7;2;1;1;48;1;14;2;4;3
1834;8;8;9;7;9;6;5;10;2;3;1;48;1;6;2;2;2
1835;9;10;8;6;8;6;7;8;3;0;1;48;2;10;1;6;2
1841;5;3;7;6;6;3;5;7;2;0;2;48;2;13;2;5;2
1844;8;9;7;7;9;5;10;8;1;0;1;48;1;6;2;2;3
1845;8;7;7;88;8;5;6;8;4;5;2;48;1;11;1;3;4
1848;10;8;5;2;1;0;66;3;3;0;1;48;2;11;3;6;6
1849;7;6;6;7;7;5;88;3;4;4;1;48;2;11;4;3;3
1851;1;1;2;2;8;3;10;9;2;7;1;48;2;3;3;3;3
1858;1;3;4;7;9;1;5;9;3;1;1;48;1;5;3;5;2
1860;7;8;6;7;9;5;5;9;2;0;1;48;1;18;1;4;1
1861;7;9;7;6;8;4;5;9;2;0;2;48;1;14;2;4;2
1866;4;5;5;2;5;0;10;1;4;3;1;47;1;5;2;2;2
1871;9;9;8;7;7;5;3;9;2;7;2;47;1;8;2;2;2
1872;5;5;2;0;0;1;5;10;3;0;1;47;1;2;1;2;1
1873;4;7;6;5;9;6;1;9;1;8;2;47;1;11;2;3;3
1875;6;8;8;88;8;4;6;5;4;7;2;47;2;1;4;3;4
1876;7;8;8;7;8;6;4;8;3;0;2;47;1;5;3;3;3
1878;8;8;6;7;4;6;4;10;1;2;1;47;1;8;2;3;2
1879;8;9;7;6;7;4;2;8;2;0;1;47;1;13;2;3;3
1880;4;5;4;0;1;0;11;4;4;2;2;47;2;6;1;4;5
1881;6;8;8;4;4;4;9;10;1;0;2;47;1;3;3;5;3
1882;8;8;6;8;8;5;6;8;2;6;2;47;1;10;3;3;4
1883;6;6;6;7;6;6;6;5;3;0;1;47;1;6;2;5;4
1884;8;7;8;7;5;5;6;7;3;1;2;47;1;10;2;3;5
1885;3;5;4;6;6;4;6;9;2;2;1;47;1;6;1;5;3
1887;8;8;3;8;7;4;5;7;2;0;1;47;2;18;2;5;2
1891;10;8;6;5;5;3;6;9;2;5;2;47;1;13;2;2;2
1893;5;7;8;4;8;2;6;10;2;2;1;47;1;11;2;2;2
1896;5;7;7;8;8;5;5;8;2;2;1;47;1;10;3;3;3
1899;6;6;6;7;7;6;6;7;2;0;2;48;1;5;1;3;3
1900;5;5;7;6;5;3;4;7;3;3;1;47;1;12;3;4;3
1901;5;7;8;7;5;5;1;8;1;1;2;48;1;8;1;2;1
1904;9;9;9;6;6;3;88;10;2;1;2;47;1;5;1;2;2
1909;7;6;7;8;8;4;4;7;2;0;2;47;2;5;1;3;2
1910;8;8;5;7;7;7;1;8;2;4;2;47;1;15;3;5;3
1911;1;0;2;4;0;0;10;3;2;2;1;47;2;12;2;3;1
1916;8;8;4;88;7;2;6;10;2;7;2;47;1;4;2;3;1
1919;8;7;6;3;6;0;5;8;2;1;1;47;1;2;2;3;4
1921;8;8;7;8;4;7;2;9;2;0;2;47;1;14;3;3;3
1923;9;6;7;8;8;6;1;8;1;7;2;47;1;10;2;2;1
1924;6;8;8;7;6;7;1;9;2;3;1;46;1;4;2;1;2
1929;7;5;7;7;7;5;5;8;1;3;1;46;1;4;2;3;3
1932;7;7;7;7;8;5;5;7;2;4;1;46;1;4;2;3;4
1933;9;9;8;10;9;7;77;8;1;1;2;46;2;13;1;1;3
1936;7;7;8;6;6;5;6;9;2;2;2;46;2;6;1;1;2
1939;2;7;5;10;10;5;4;3;2;1;2;46;1;13;1;2;3
1941;7;7;5;10;10;9;6;9;1;2;2;46;1;15;2;4;3
1942;6;8;7;7;8;7;6;8;2;2;2;46;1;8;2;4;2
1944;8;9;7;6;6;7;6;9;1;3;2;46;1;13;1;3;2
1945;7;8;7;8;7;7;1;7;1;3;1;46;1;11;2;3;2
1953;3;7;5;4;4;4;4;6;2;1;2;46;1;17;3;5;4
1956;5;5;4;9;9;5;6;3;3;0;1;46;2;8;2;5;2
1962;6;7;7;8;8;7;5;8;1;1;1;46;2;8;3;5;4
1967;6;7;8;7;8;5;10;9;2;6;1;46;1;11;2;2;2
1968;9;9;8;7;9;7;6;7;3;3;2;46;1;7;3;3;4
1971;7;9;8;10;9;5;6;9;1;0;1;45;2;4;1;5;1
1973;8;3;5;6;8;3;6;9;3;5;1;45;1;10;1;1;2
1975;8;8;8;9;9;7;5;8;2;5;2;45;1;18;3;2;2
1977;7;8;6;5;5;4;5;9;1;0;2;45;2;6;2;6;1
1981;9;9;6;8;7;8;5;8;1;6;2;46;1;15;2;2;2
1982;7;7;7;6;7;4;5;9;2;1;1;46;1;18;4;2;2
1983;7;7;5;7;7;5;6;3;4;2;2;45;1;13;2;4;4
1985;8;8;7;7;6;8;4;9;1;4;1;45;1;15;2;2;2
1990;3;4;4;5;7;4;5;6;3;0;2;45;2;4;2;5;2
1991;5;7;8;10;10;10;66;9;1;6;2;45;1;7;1;2;1
1993;8;8;7;9;9;7;5;9;1;3;1;45;1;6;2;2;3
1999;7;7;7;8;8;7;6;7;3;5;1;45;1;11;3;4;5
2001;9;8;1;7;6;7;4;10;1;10;2;45;2;12;2;6;3
2006;5;8;10;10;6;5;66;7;2;7;1;45;1;3;2;5;2
2007;8;9;7;9;7;6;5;8;2;2;1;46;1;10;2;4;4
2009;8;8;6;6;5;8;2;6;1;0;1;45;1;20;4;3;5
2011;4;7;4;5;5;5;4;8;2;5;1;44;1;9;1;2;1
2016;8;8;6;6;7;8;7;7;1;0;1;45;2;18;3;4;2
2017;8;7;5;8;8;7;5;10;1;4;2;45;1;15;3;3;2
2018;5;5;6;3;4;1;88;7;2;5;1;44;1;4;2;2;2
2022;7;8;4;8;9;5;5;7;1;0;1;44;1;18;4;4;2
2023;8;9;7;6;6;7;5;8;4;4;1;44;1;6;2;4;4
2025;5;7;7;6;7;4;6;8;2;1;2;44;1;8;2;4;3
2027;7;8;7;8;7;7;4;7;1;2;2;44;2;17;2;4;3
2028;8;8;6;9;8;7;4;7;2;7;2;44;1;17;3;3;3
2031;7;7;6;7;6;5;5;7;2;3;1;44;2;9;1;3;3
2032;9;9;7;8;6;7;5;9;1;2;1;44;1;13;1;4;2
2034;8;8;7;7;9;5;5;9;1;4;2;45;1;13;1;4;2
2038;3;5;7;6;7;2;7;8;3;0;1;44;2;7;2;4;2
2039;6;6;8;8;7;5;5;8;2;1;2;44;2;18;2;4;4
2040;7;4;6;8;8;4;1;5;2;3;1;44;2;4;3;3;2
2043;8;7;7;8;8;5;5;9;1;4;2;44;1;14;3;3;4
2044;7;6;9;9;9;6;6;9;2;3;2;44;1;13;1;4;1
2045;7;6;4;6;7;5;5;6;2;2;1;44;1;15;1;2;2
2046;5;7;6;6;8;4;5;8;2;0;2;45;1;14;4;5;2
2051;8;7;4;6;6;5;6;6;2;1;2;44;2;14;2;4;4
2052;3;9;7;7;8;6;8;10;2;6;2;44;1;7;2;5;1
2057;8;8;5;7;8;5;88;8;2;6;2;44;1;14;1;3;1
2061;4;7;4;8;8;5;10;8;2;1;2;44;1;6;1;2;2
2065;8;8;5;5;2;2;66;7;4;1;1;44;1;12;2;5;3
2066;5;8;8;1;7;1;6;10;3;0;2;45;1;6;1;1;4
2068;7;7;4;8;8;6;6;7;2;4;2;44;1;13;3;2;3
2074;8;88;8;3;7;3;5;9;1;0;1;44;2;18;2;5;1
2075;7;6;4;8;8;6;6;8;3;4;1;54;1;10;4;2;5
2076;8;8;7;0;7;88;66;7;2;7;2;44;2;7;1;1;2
2078;8;7;5;4;5;5;88;7;1;8;2;44;1;10;1;5;2
2081;6;4;7;6;6;2;10;8;3;4;1;43;1;6;4;4;4
2084;7;8;6;9;10;7;3;7;3;10;2;43;2;10;1;3;3
2091;7;7;5;7;5;7;6;8;2;5;1;43;1;15;2;2;2
2093;5;5;5;3;5;3;6;10;1;0;2;43;1;4;1;3;4
2098;6;5;4;7;9;3;5;8;2;0;1;43;1;8;3;6;3
2101;3;0;0;8;6;88;88;5;1;10;2;43;2;5;1;1;1
2102;7;7;7;5;8;3;6;8;2;5;2;43;1;3;1;2;2
2103;7;6;8;6;6;6;6;8;2;1;1;43;1;17;4;5;2
2105;7;8;6;7;7;6;7;5;2;0;1;43;1;14;2;5;2
2106;7;8;6;8;8;7;4;9;1;2;1;43;1;18;1;4;4
2107;8;8;5;7;9;4;5;7;3;2;2;43;1;13;1;4;4
2109;3;5;4;3;3;1;6;7;2;6;1;43;1;7;3;2;3
2112;5;7;4;7;8;3;4;8;2;0;2;44;2;10;3;5;3
2113;4;6;6;4;3;1;66;1;2;0;1;43;2;10;1;1;2
2114;7;7;5;9;7;6;4;6;2;3;2;43;1;17;3;5;3
2115;10;10;7;4;8;5;1;10;1;0;1;43;2;7;1;5;5
2116;7;7;7;5;4;4;5;8;2;2;1;43;1;18;2;2;2
2117;4;8;8;5;7;0;6;9;3;1;2;43;1;6;1;2;1
2130;5;8;6;4;4;3;1;9;1;0;2;44;1;13;3;2;3
2131;6;5;5;7;6;5;6;8;1;10;1;43;1;13;1;1;3
2136;3;5;7;4;4;2;6;9;2;0;2;43;1;5;2;4;4
2137;5;6;7;9;9;7;6;8;2;7;1;44;1;13;2;4;3
2143;7;5;7;9;10;5;1;8;2;2;1;43;1;11;2;4;4
2150;8;8;7;4;4;3;5;8;2;0;1;42;1;4;2;2;2
2152;7;7;5;7;8;6;3;7;2;7;1;43;1;13;2;1;2
2154;7;8;7;6;6;5;3;8;3;4;1;42;1;4;2;3;3
2155;7;7;8;6;8;7;8;7;1;1;2;42;1;20;1;5;3
2158;3;5;8;4;4;5;6;8;1;1;1;42;2;9;1;4;1
2162;3;7;6;7;8;5;4;7;2;6;2;42;1;11;2;4;4
2163;8;8;9;5;8;3;3;5;5;8;2;42;2;18;1;2;1
2164;5;8;4;4;7;1;6;7;3;0;1;42;1;7;1;5;1
2166;1;1;1;3;3;1;10;8;3;1;2;42;2;6;3;5;4
2167;8;7;5;9;10;4;88;9;1;9;2;43;1;20;2;3;2
2168;8;3;7;8;9;2;88;8;3;0;2;42;1;5;1;3;2
2172;7;7;5;5;7;4;5;10;2;4;1;42;1;17;1;5;5
2174;5;7;8;7;8;7;4;7;3;0;2;42;1;20;3;6;2
2178;7;8;6;7;8;6;6;9;2;5;1;42;1;7;1;5;2
2180;7;8;6;7;6;6;66;8;2;0;1;42;1;7;4;4;5
2184;6;6;5;4;7;4;6;4;3;2;1;42;2;10;2;2;2
2186;8;8;8;6;6;4;6;9;2;0;1;42;1;7;1;5;1
2189;6;8;10;6;8;4;5;10;1;0;1;42;2;12;2;2;2
2190;7;5;7;8;8;8;7;8;4;4;2;42;2;15;1;3;2
2200;7;7;8;88;8;88;66;8;1;6;2;42;1;16;1;4;2
2201;8;8;7;8;9;7;5;10;1;3;2;42;1;12;3;4;2
2203;5;9;7;7;7;7;4;8;2;0;2;42;1;14;3;4;2
2205;7;3;8;2;6;2;66;10;1;0;2;42;1;6;2;2;4
2212;7;7;6;88;7;2;66;8;1;6;2;42;1;13;1;3;3
2216;7;7;5;7;6;6;7;7;3;2;1;41;1;20;2;4;4
2228;8;8;5;6;8;6;6;8;1;1;2;41;1;17;2;3;5
2231;6;6;6;8;8;5;66;8;1;9;2;41;1;11;8;8;8
2232;7;7;6;9;8;5;88;7;1;0;1;41;1;18;3;4;4
2234;7;7;7;9;0;6;66;8;1;2;1;41;1;20;1;3;5
2235;8;10;5;8;9;88;6;10;1;0;2;41;1;6;1;4;1
2237;8;7;5;6;8;5;5;9;2;6;2;41;1;10;3;2;2
2238;8;8;1;0;6;0;88;8;2;0;1;41;2;7;2;4;3
2245;0;0;0;0;0;0;7;0;5;0;2;41;2;5;1;6;3
2246;3;3;3;4;5;0;10;9;1;1;2;41;1;4;1;2;2
2247;7;7;5;9;9;7;2;8;1;1;1;41;1;18;4;4;3
2248;5;7;4;7;6;5;5;6;2;0;2;41;1;8;5;5;4
2249;7;7;8;8;8;5;5;9;2;3;1;41;1;4;2;4;5
2250;7;5;3;5;8;2;5;9;2;0;2;41;1;13;1;2;2
2252;5;7;7;8;8;6;6;7;3;5;2;42;1;10;2;1;2
2254;8;8;8;8;8;7;6;7;2;2;2;41;1;11;3;6;4
2256;2;4;5;5;5;5;6;7;1;8;1;41;1;5;1;1;1
2258;5;6;6;7;6;5;5;8;1;0;1;41;1;18;3;2;2
2259;9;8;8;7;7;7;7;8;3;0;1;41;2;11;2;4;3
2265;10;8;8;8;88;88;66;9;2;10;1;41;1;18;2;4;5
2266;7;7;7;8;8;8;4;7;1;0;1;41;1;16;2;6;3
2267;8;8;8;0;5;2;5;8;2;8;2;41;1;18;2;5;3
2268;6;8;6;2;6;0;66;9;2;0;1;42;1;10;2;5;3
2269;5;7;7;5;7;6;6;7;1;0;2;41;1;11;4;2;2
2270;8;8;6;7;8;5;4;6;2;2;1;41;1;17;4;3;2
2272;7;9;5;5;5;5;7;9;2;0;2;41;1;17;2;4;3
2273;7;7;6;3;4;3;5;8;2;2;2;42;1;17;4;2;2
2274;5;9;5;9;9;7;66;7;2;8;1;41;1;5;1;2;5
2278;6;7;6;5;4;5;6;8;2;2;1;42;1;7;2;3;3
2279;7;8;10;0;10;7;66;9;2;0;1;42;1;18;2;4;3
2281;7;8;7;8;10;6;5;4;3;6;2;40;1;10;1;2;2
2282;8;9;9;8;9;8;2;8;2;1;2;40;1;18;1;4;3
2283;7;7;6;10;10;6;66;7;3;5;2;40;1;18;4;3;3
2284;7;6;3;6;7;2;5;9;1;0;1;40;1;14;2;5;6
2285;8;7;7;6;7;6;6;8;1;3;2;40;2;15;3;3;3
2286;7;6;5;6;6;3;8;9;1;4;1;40;1;14;1;2;5
2288;4;3;4;3;3;4;6;7;1;1;2;40;2;10;3;4;2
2289;7;9;7;7;8;4;5;8;2;3;1;40;1;7;1;2;2
2290;8;9;8;10;8;6;5;8;2;0;1;40;2;16;3;5;3
2291;8;9;8;9;9;6;1;8;3;6;2;41;1;13;1;5;2
2294;7;6;6;8;8;5;6;0;1;0;1;41;2;10;2;4;1
2295;3;7;6;2;4;1;7;8;2;2;2;40;1;7;1;3;4
2297;9;10;8;8;7;7;4;8;2;0;2;40;1;13;1;5;1
2298;7;8;7;7;8;6;6;8;2;1;2;40;1;18;2;5;2
2299;9;9;9;7;8;5;6;8;2;1;1;40;2;7;2;2;3
2301;8;8;5;8;10;7;77;9;1;1;1;40;1;20;3;2;2
2303;4;4;6;8;10;1;6;8;2;1;2;40;1;7;2;1;1
2304;1;4;5;1;1;1;5;9;2;0;1;40;1;3;3;2;2
2306;7;7;7;8;9;5;5;8;3;7;2;40;1;17;2;2;1
2307;7;6;10;3;1;2;5;10;2;2;1;40;1;6;2;2;2
2309;8;7;6;88;6;5;66;6;2;1;2;40;2;20;3;5;2
2312;8;8;7;8;8;7;6;9;1;1;2;40;1;5;2;2;2
2313;9;7;5;9;9;6;1;8;2;3;2;40;1;18;3;4;2
2314;7;8;8;7;10;4;10;7;1;4;1;40;1;7;4;3;4
2315;7;7;3;6;7;5;6;2;5;0;2;40;2;17;2;5;5
2316;9;9;9;8;8;3;6;9;2;3;2;41;1;12;1;2;3
2320;8;7;8;8;8;7;5;9;2;2;2;40;1;15;2;3;2
2321;2;4;5;5;5;3;10;9;2;0;1;40;1;6;2;5;3
2322;0;1;1;8;0;5;6;4;3;10;2;38;1;7;2;2;2
2327;7;5;6;9;9;6;5;10;1;2;1;40;1;18;1;1;1
2330;6;8;5;4;9;3;5;7;1;3;2;40;2;13;1;2;2
2334;7;7;3;9;9;6;88;7;2;2;2;40;2;15;2;4;3
2339;5;7;6;6;7;7;6;8;2;3;1;39;1;7;2;5;3
2341;7;7;7;8;8;5;7;6;2;2;1;40;2;13;2;4;2
2342;4;7;7;3;8;0;10;9;3;0;2;39;2;6;3;5;3
2343;5;4;6;8;9;6;5;9;2;1;1;39;1;7;2;5;4
2344;6;7;6;5;1;5;9;7;2;1;1;39;1;18;1;3;2
2347;9;9;7;8;8;5;5;9;1;7;1;40;1;14;2;4;1
2349;5;6;6;4;4;3;8;8;2;3;2;40;2;5;1;6;1
2351;9;8;7;8;7;8;7;10;1;2;1;39;1;20;3;4;4
2354;6;7;7;6;6;5;4;6;4;1;2;39;1;13;2;5;3
2357;5;6;7;8;9;5;5;8;1;4;2;39;1;18;2;3;1
2358;7;7;3;7;8;3;4;7;2;0;1;39;1;7;2;2;2
2359;8;8;8;9;9;7;4;10;1;1;1;39;1;10;3;5;2
2361;7;8;5;4;7;4;5;8;2;0;1;39;2;7;1;3;2
2366;7;6;6;5;7;2;6;8;1;0;1;39;2;12;2;4;2
2368;9;7;8;7;7;6;4;9;1;0;2;39;1;5;2;6;5
2369;5;3;3;5;7;2;4;7;3;0;2;39;1;10;2;5;2
2370;7;7;6;4;4;5;5;7;1;5;1;39;1;11;3;5;2
2371;8;7;6;7;6;7;6;7;2;1;2;39;1;15;4;5;4
2372;8;8;6;7;8;7;7;9;1;0;2;39;1;15;3;5;3
2374;8;7;6;8;8;6;10;7;2;2;1;39;2;12;2;5;2
2377;8;8;8;8;5;6;5;9;1;0;2;39;1;13;2;1;1
2380;4;6;5;8;6;5;4;9;2;2;2;39;1;17;2;5;3
2381;8;8;4;8;9;7;1;9;2;2;2;39;1;12;2;4;3
2382;8;8;8;8;6;6;2;8;1;0;1;40;1;18;3;4;4
2384;4;5;2;5;3;2;6;9;1;4;2;39;1;7;1;1;1
2387;3;3;6;8;9;6;66;8;1;2;2;38;1;7;2;4;3
2390;5;7;4;8;8;5;3;8;2;0;1;38;1;13;2;4;3
2391;6;6;7;2;2;1;8;5;2;3;2;38;2;10;3;5;1
2393;7;7;4;7;7;6;5;8;1;0;2;39;1;12;1;4;1
2395;7;9;7;7;9;6;6;8;1;3;1;38;1;12;1;2;1
2397;6;6;6;5;6;5;6;8;2;6;2;38;1;8;1;1;1
2399;0;1;4;4;2;0;77;8;3;0;1;38;1;3;7;7;7
2407;5;5;4;7;7;7;66;9;1;8;2;38;1;3;3;2;3
2409;6;9;5;2;2;3;4;6;2;1;1;38;1;11;2;5;5
2417;5;5;7;7;6;8;10;8;2;1;1;38;2;5;2;5;1
2418;5;6;7;7;7;3;6;8;2;5;1;38;2;5;1;1;1
2419;7;7;6;8;8;7;66;7;2;4;2;38;1;18;1;5;3
2427;7;7;3;7;8;2;2;8;1;0;1;38;2;11;1;6;2
2428;7;7;6;6;8;5;6;8;2;1;2;39;1;12;2;4;4
2429;8;8;8;8;8;4;4;9;1;1;2;38;1;14;2;5;3
2432;9;5;8;5;9;2;10;10;1;0;2;38;1;7;2;2;4
2433;7;5;5;9;9;7;5;8;1;1;1;38;1;5;1;3;2
2437;4;6;6;7;7;7;5;7;2;5;2;38;1;17;2;4;2
2438;8;6;5;6;7;4;4;8;1;1;1;38;1;13;2;4;2
2447;4;7;5;7;7;4;5;10;1;0;1;38;1;7;1;2;1
2449;7;7;6;8;8;5;4;8;3;0;2;38;1;17;2;5;3
2453;7;9;5;4;7;4;7;10;2;0;2;37;1;17;1;2;3
2454;7;8;6;8;8;6;4;8;2;0;2;37;1;15;1;2;2
2457;8;8;6;4;4;5;7;10;1;0;1;37;1;12;2;5;4
2460;3;5;6;9;10;6;10;9;1;1;1;37;1;7;2;6;3
2462;7;5;6;8;5;3;3;6;2;0;1;37;2;17;2;5;5
2468;7;8;5;8;8;8;5;9;1;0;2;37;1;10;1;3;4
2473;8;7;6;6;7;4;5;7;1;3;2;37;2;9;1;2;1
2475;8;10;6;7;5;4;8;9;1;3;2;37;1;17;1;6;3
2477;2;4;4;4;8;3;4;5;2;1;2;38;2;9;2;3;3
2481;6;7;7;7;7;6;11;7;2;4;2;37;2;12;2;4;2
2482;7;7;7;8;6;5;4;9;2;0;2;37;1;12;1;1;1
2483;7;7;6;7;7;6;5;8;3;3;1;37;1;12;3;3;2
2485;7;8;6;7;8;4;6;9;1;1;1;37;2;7;2;4;4
2489;5;7;6;4;5;4;1;8;1;2;1;37;1;11;3;6;3
2492;2;1;5;10;10;10;6;10;2;0;1;37;2;2;2;2;2
2495;7;6;7;9;10;6;3;10;2;7;1;37;1;18;4;2;2
2500;8;8;3;6;7;7;66;9;2;7;1;31;1;11;2;1;3
2501;9;8;10;8;8;10;77;10;1;10;2;36;2;4;1;2;2
2502;7;6;5;7;7;5;5;9;1;6;1;36;1;16;1;3;1
2504;6;6;7;8;8;5;5;9;1;0;2;36;1;9;1;1;1
2505;7;8;8;8;8;4;8;7;2;1;1;36;1;13;2;5;1
2508;7;5;8;6;7;3;88;8;1;1;2;36;1;11;3;4;3
2509;7;7;7;7;9;4;7;9;1;5;2;36;1;12;1;2;2
2510;7;7;6;6;6;5;5;9;1;0;2;36;1;7;2;2;3
2514;88;8;8;10;9;10;66;7;1;4;1;36;9;7777;7;7;7
2516;7;9;6;7;7;6;1;7;2;1;1;36;1;14;2;3;2
2517;9;9;8;6;5;6;4;9;1;4;2;36;1;13;1;3;2
2520;5;3;5;10;10;6;66;10;1;10;1;36;2;8;1;1;2
2522;88;8;8;7;7;6;4;2;4;7;2;36;2;7;1;6;3
2523;1;8;6;5;8;2;77;9;1;4;2;37;1;7;1;1;1
2528;3;6;7;6;1;2;88;6;2;1;2;36;1;12;2;4;4
2529;10;9;9;7;10;10;6;10;1;4;1;36;1;9;2;2;5
2531;6;5;2;10;10;10;66;8;1;3;1;36;1;1;1;8;1
2534;77;77;4;1;77;77;66;77;2;10;1;36;9;7777;7;7;7
2536;9;8;7;7;6;4;5;8;2;1;2;36;2;13;2;3;3
2537;5;5;5;5;5;5;5;5;2;1;1;36;2;7;3;6;2
2545;6;4;7;5;6;5;6;8;3;5;2;36;1;12;2;3;2
2548;7;7;3;7;7;5;4;8;1;0;1;36;1;13;1;5;2
2550;10;9;7;8;9;7;5;10;1;0;1;36;1;12;2;2;4
2554;6;6;4;8;9;4;2;9;1;2;1;36;2;20;2;5;3
2556;1;2;3;88;10;88;66;8;1;5;2;36;1;9;2;3;2
2563;7;7;7;8;8;7;4;8;2;0;2;36;1;13;2;3;2
2568;7;8;6;7;7;6;66;9;1;0;2;37;1;17;2;5;3
2570;0;5;5;4;4;4;5;10;1;1;2;35;1;7;1;2;2
2571;5;5;3;9;6;6;5;7;1;0;1;35;2;17;3;6;2
2575;5;5;6;5;9;5;10;9;2;3;2;35;1;5;1;2;2
2581;7;6;5;6;7;3;7;6;3;3;1;35;2;8;4;4;4
2584;8;8;6;5;7;5;6;8;2;0;2;35;1;14;3;3;3
2585;8;8;6;8;7;5;3;9;2;3;2;35;1;17;2;3;3
2587;6;7;7;8;8;5;3;6;2;2;1;35;2;5;3;4;3
2588;6;7;5;7;7;6;3;8;1;7;1;35;1;12;3;1;1
2589;9;8;8;10;10;7;4;9;1;6;2;35;1;18;2;3;2
2599;4;7;7;7;9;3;5;9;2;2;2;35;1;5;3;4;3
2601;3;7;3;8;9;88;66;8;1;2;1;35;2;17;2;4;2
2602;2;5;4;88;7;7;6;8;2;0;2;35;1;9;2;4;3
2608;7;6;5;7;8;2;1;9;2;0;1;41;1;18;3;3;2
2609;7;7;4;8;8;6;5;9;1;5;2;35;1;14;2;2;3
2610;7;7;4;9;8;6;5;8;1;6;2;35;1;20;2;3;4
2611;6;8;8;4;5;4;10;9;1;9;1;35;1;7;4;4;4
2613;3;7;5;88;3;0;6;8;2;1;1;35;2;17;1;4;4
2616;8;9;3;8;10;9;5;10;1;5;2;35;1;5;1;5;1
2619;7;5;3;88;5;0;5;10;2;5;2;35;1;7;3;3;3
2624;4;7;7;6;7;2;6;10;1;2;1;34;1;7;1;2;1
2628;7;7;3;8;8;6;8;7;1;0;2;34;1;14;3;3;5
2629;6;88;5;9;9;7;5;9;2;2;1;34;1;18;2;4;1
2632;7;8;6;7;6;6;6;6;2;3;2;34;1;13;3;3;3
2635;8;8;7;4;8;1;7;10;1;10;2;34;1;11;2;4;1
2636;4;4;5;5;5;5;10;7;1;4;1;35;2;5;1;3;1
2637;3;5;4;7;8;6;6;10;1;5;1;34;2;17;2;2;1
2642;6;7;7;9;10;8;5;9;1;3;2;34;1;17;2;2;3
2650;1;5;6;6;8;7;2;8;3;0;1;34;1;9;2;5;2
2656;7;7;6;2;5;2;10;7;2;10;1;34;2;12;2;3;3
2657;7;9;9;9;9;5;5;10;1;4;2;34;1;10;1;3;1
2658;3;7;5;3;7;2;66;8;1;0;1;34;1;14;2;3;2
2661;7;9;5;6;7;2;10;7;2;2;1;34;2;7;1;2;3
2668;5;5;6;6;6;5;4;8;2;0;1;34;2;19;3;6;4
2669;8;8;7;5;4;5;6;8;2;0;1;34;1;5;2;6;4
2672;9;9;7;8;6;6;8;7;1;10;2;34;1;17;2;3;3
2675;3;3;6;0;8;1;6;7;1;4;2;33;1;3;1;1;1
2678;7;7;8;8;8;6;66;8;1;5;2;33;1;17;1;3;1
2680;7;7;4;7;4;5;6;8;2;1;1;33;2;8;2;3;3
2682;8;8;7;8;7;7;66;9;1;0;1;33;2;14;4;4;3
2683;5;6;6;6;7;3;88;9;2;4;2;33;1;10;1;2;2
2684;6;4;4;7;6;3;6;7;1;0;2;34;1;5;1;3;1
2685;8;8;7;7;7;6;8;6;2;0;2;34;2;17;3;3;4
2687;7;5;6;8;7;5;5;8;1;0;2;34;2;11;1;4;1
2688;9;10;5;7;9;6;66;10;1;0;1;33;1;18;2;5;2
2691;4;9;2;8;8;6;7;7;2;4;1;33;1;12;2;3;1
2692;3;6;4;5;3;2;6;9;1;5;1;33;1;13;1;3;2
2693;7;5;7;7;7;6;5;9;2;0;1;34;1;16;1;4;4
2694;6;9;5;3;6;6;6;10;2;0;2;33;1;12;1;1;2
2696;5;6;6;8;7;8;88;9;2;3;2;33;2;7;1;3;2
2697;2;4;3;1;7;3;11;8;1;1;1;33;1;3;2;2;3
2698;6;7;7;6;8;4;5;7;2;2;2;33;2;20;2;2;3
2701;8;7;7;5;4;6;4;8;2;0;2;33;1;15;2;4;2
2706;7;6;6;7;7;5;6;7;2;0;1;33;2;5;1;5;1
2709;10;8;10;9;10;88;6;10;2;10;1;33;2;5555;1;1;1
2710;6;6;7;7;7;88;7;9;1;0;2;33;1;14;1;2;1
2711;5;5;5;7;8;6;6;7;1;0;1;33;2;5;1;5;1
2712;4;6;7;9;4;6;7;8;1;1;2;33;1;18;1;5;2
2713;7;6;8;9;9;0;10;10;2;0;1;33;1;7;1;5;1
2715;8;5;8;7;7;6;4;9;2;6;2;33;1;7;1;2;2
2718;8;8;8;7;6;5;5;9;2;0;1;33;1;10;1;3;2
2720;8;8;5;9;7;8;8;8;1;0;1;33;1;17;2;4;4
2721;3;5;6;5;8;5;5;9;1;1;2;33;1;5;2;2;6
2726;7;5;6;5;10;8;66;10;2;5;1;32;2;11;2;5;2
2730;7;9;5;9;9;7;5;9;2;1;1;32;1;18;2;5;3
2734;8;7;6;7;5;6;5;10;1;0;1;32;1;13;1;3;1
2738;5;5;5;9;9;6;66;10;1;5;2;33;1;12;2;2;2
2743;9;8;6;6;7;6;6;8;1;3;2;32;1;10;2;2;3
2745;5;6;5;5;5;5;66;8;1;0;1;33;1;3;3;4;3
2746;8;8;8;5;8;8;1;8;1;0;2;32;1;18;1;2;3
2747;6;6;7;0;7;3;6;9;2;0;1;32;1;7;3;3;4
2748;7;10;5;4;6;4;88;10;1;1;2;32;1;15;1;1;1
2750;3;5;2;4;3;4;5;7;2;0;2;32;1;18;3;5;3
2753;8;7;7;7;7;7;6;8;2;1;2;32;1;13;2;2;2
2756;6;6;2;1;4;0;10;8;2;4;1;33;1;7;2;2;4
2759;7;7;6;9;8;7;66;7;2;7;2;32;1;18;1;1;4
2762;8;7;7;5;5;3;6;8;1;4;1;32;2;5;2;4;2
2766;3;4;5;7;9;2;88;4;4;6;2;33;2;7;1;6;2
2769;6;7;4;6;5;6;8;7;3;0;2;32;1;18;1;4;2
2770;5;4;5;5;5;3;6;3;2;3;1;33;2;3;3;2;2
2773;6;4;7;5;7;2;6;7;2;1;2;32;1;7;2;5;1
2775;7;8;5;6;6;4;6;9;2;0;2;31;1;18;1;1;4
2778;7;10;5;8;5;5;66;8;2;1;2;31;1;20;3;3;3
2779;5;8;9;1;3;2;66;7;2;8;2;31;1;4;2;4;1
2781;8;9;5;8;8;5;6;7;2;3;2;31;1;7;3;2;2
2782;2;4;3;7;8;6;6;9;3;2;1;31;1;7;2;4;3
2784;6;5;5;6;10;2;66;8;2;5;2;31;1;11;2;1;1
2786;1;5;4;6;2;2;7;9;2;0;1;31;1;7;3;5;1
2795;7;5;7;9;9;5;11;5;2;0;1;31;2;5;3;4;4
2799;6;10;7;8;7;5;4;8;1;4;2;31;2;17;1;2;1
2801;8;8;6;5;6;3;1;9;2;3;2;31;1;14;2;2;3
2806;6;6;2;5;7;4;66;9;2;8;2;31;1;13;2;2;4
2809;7;5;8;6;5;3;7;10;2;3;2;31;1;16;1;1;1
2812;5;5;6;8;7;4;4;9;1;0;2;31;1;5;1;2;1
2815;5;8;8;5;7;4;5;9;2;0;2;31;1;10;2;2;2
2818;5;5;4;7;7;5;4;3;3;2;1;31;2;9;1;3;2
2820;7;5;4;9;9;6;1;8;1;5;2;31;1;16;1;6;2
2821;7;6;7;8;9;7;6;9;3;0;2;31;1;17;2;4;2
2826;6;8;5;7;9;6;1;8;2;0;1;31;2;12;3;4;2
2827;8;7;7;7;8;6;6;8;1;2;2;31;1;13;2;2;1
2829;5;5;4;8;7;5;6;8;1;0;2;32;1;5;1;2;2
2830;6;6;6;7;7;5;5;7;1;0;1;31;2;7;1;3;1
2831;6;8;9;7;7;5;7;8;2;4;2;31;1;18;3;5;3
2833;4;5;4;4;7;3;7;8;1;5;2;31;2;12;2;5;1
2836;7;8;7;9;10;6;5;9;1;0;1;30;1;7;2;5;3
2844;6;8;9;4;9;5;3;9;1;0;2;30;1;7;1;2;1
2845;7;7;7;8;8;4;5;7;2;4;1;30;2;7;3;2;3
2846;2;3;3;0;6;0;5;9;1;0;2;30;1;5;1;2;1
2852;5;3;5;5;4;6;66;6;2;6;2;30;1;18;1;2;2
2854;6;8;6;6;6;5;4;7;1;7;2;30;1;14;2;5;2
2861;5;5;8;8;8;6;5;10;1;2;2;30;1;5;2;1;2
2866;7;7;7;7;7;4;6;7;2;4;1;30;2;7;2;4;3
2873;5;7;6;3;5;3;6;7;2;0;1;30;2;5;2;4;3
2875;7;7;8;6;7;6;5;8;2;2;2;30;1;17;2;3;1
2877;5;4;4;5;5;2;6;7;1;0;1;30;2;17;1;5;1
2879;9;7;5;6;4;3;4;9;2;3;2;30;1;17;2;5;5
2881;5;9;7;8;9;6;4;8;2;1;2;30;1;9;3;3;2
2890;5;4;6;5;7;4;10;8;2;0;1;30;1;7;2;6;2
2891;3;7;4;6;5;4;4;6;3;0;1;30;1;13;2;6;3
2903;8;7;9;4;7;3;66;6;2;0;2;29;1;7;2;3;3
2905;6;8;4;8;9;6;2;9;1;1;1;29;1;14;3;5;3
2908;6;8;4;8;7;5;5;8;1;0;1;29;2;18;3;5;2
2915;8;6;9;10;10;5;66;8;2;6;2;29;1;7;2;4;3
2918;6;8;1;0;3;0;66;7;2;0;1;29;1;10;3;5;1
2919;8;7;7;6;4;8;3;8;2;2;1;29;1;18;1;2;3
2920;8;8;7;7;7;6;5;10;1;3;2;29;1;13;1;2;2
2921;7;6;5;3;3;3;8;4;3;1;2;30;1;13;3;5;2
2925;3;3;4;4;3;1;6;7;2;0;2;29;1;7;4;3;3
2926;7;3;6;4;4;5;66;10;1;8;1;29;1;7;2;2;2
2931;7;7;5;4;10;3;6;8;3;0;1;29;1;7;2;2;2
2935;3;3;1;9;4;4;6;8;5;1;2;29;2;5;1;6;2
2938;8;4;9;9;10;4;5;9;2;8;2;29;1;14;1;2;3
2940;8;5;7;9;10;5;66;7;3;5;1;29;1;18;1;1;1
2941;7;7;8;8;9;6;6;9;1;0;2;29;1;7;1;4;3
2942;2;8;5;2;2;0;10;2;5;0;1;29;2;7;2;6;2
2945;4;4;4;4;8;2;10;7;2;3;2;29;2;5;2;2;4
2946;7;8;5;10;10;7;5;9;1;3;1;29;1;14;3;3;2
2949;8;8;8;7;5;6;7;9;1;0;2;29;1;18;3;5;2
2967;7;8;7;2;4;1;10;9;1;5;2;28;1;5;2;2;1
2972;5;6;6;7;6;3;6;7;1;0;1;28;2;5;2;5;1
2974;7;8;7;6;6;5;6;7;1;0;1;28;2;11;1;6;1
2976;7;9;9;6;9;5;6;10;1;2;1;28;1;7;1;4;3
2977;6;7;7;7;7;6;4;8;1;0;1;28;2;15;1;4;1
2978;7;6;7;9;8;6;4;8;1;0;2;29;2;15;1;5;1
2979;5;7;3;7;5;5;5;9;2;0;1;29;1;18;3;4;3
2990;8;8;4;8;8;5;1;8;1;3;2;28;1;14;3;5;4
2991;8;8;6;8;9;8;5;8;1;0;1;28;1;17;2;4;2
2993;4;5;5;4;6;6;5;7;3;0;1;28;1;7;3;4;1
2994;9;8;6;9;9;7;3;10;2;9;1;28;1;5;2;3;2
2995;7;8;7;8;8;6;5;8;1;0;1;29;1;11;1;5;1
2998;7;6;3;7;8;5;4;8;2;0;2;28;2;11;1;6;1
3000;7;7;5;7;7;7;2;9;2;2;2;28;1;7;2;4;2
3002;3;4;4;1;0;0;66;10;5;9;2;29;1;7;1;2;1
3006;6;8;5;7;5;4;66;9;2;1;2;28;1;17;1;3;1
3017;9;4;6;4;6;3;8;7;2;0;2;28;2;5;1;3;2
3023;6;7;8;7;7;4;66;9;2;1;1;27;2;5;1;4;2
3025;7;5;3;5;7;3;88;10;3;0;1;27;1;5;2;4;3
3027;5;7;3;6;8;4;10;8;2;0;2;27;1;7;4;4;3
3028;8;5;0;0;4;0;8;7;1;0;2;27;2;10;3;6;1
3033;7;5;2;4;7;1;6;6;3;0;2;27;1;13;1;1;2
3037;6;9;3;6;9;5;6;7;3;0;2;27;1;5;3;6;1
3039;6;6;6;7;7;3;5;8;1;0;1;27;2;16;2;3;1
3041;6;4;5;7;7;4;6;8;1;9;1;27;2;5;1;1;1
3044;5;5;3;1;5;0;6;5;2;0;2;27;2;11;1;5;3
3053;5;6;6;4;8;4;66;8;3;10;2;27;1;15;2;2;5
3054;7;6;6;6;7;5;6;8;3;0;2;27;2;5;1;4;1
3057;5;3;4;4;8;2;8;8;3;0;1;27;2;11;1;6;2
3058;7;5;5;8;8;6;6;4;2;0;1;27;2;5;2;6;2
3063;4;5;2;6;8;4;5;10;1;1;1;27;1;5;2;5;4
3072;6;6;4;7;7;3;2;7;1;0;1;27;2;7;3;5;1
3077;6;7;7;8;8;3;88;7;1;0;1;27;2;7;1;4;4
3086;7;2;4;88;5;88;66;10;1;4;1;27;2;11;8;8;8
3095;7;8;6;8;10;6;11;9;1;3;2;26;1;5;2;5;3
3098;7;5;7;7;9;8;66;9;1;4;1;26;2;5555;2;4;1
3102;7;7;6;8;7;6;6;7;1;0;1;27;2;10;2;5;1
3106;4;4;4;7;7;5;66;5;4;0;1;26;2;3;2;6;5
3114;6;6;6;7;7;7;4;4;4;0;1;26;1;12;2;3;3
3116;2;6;2;1;0;2;3;7;1;5;1;26;2;7;3;3;3
3117;5;8;3;3;3;7;11;1;5;0;2;26;1;12;2;6;1
3118;7;7;6;7;8;5;5;8;1;0;2;26;2;13;1;3;1
3122;8;9;8;8;8;7;4;9;2;3;1;26;1;10;2;4;2
3125;8;4;4;6;6;6;66;4;2;2;1;26;2;11;3;4;3
3132;7;7;6;7;6;5;6;8;1;1;1;26;2;18;3;4;3
3136;5;3;3;6;8;3;1;8;2;0;1;26;2;7;2;6;2
3141;8;4;8;9;9;8;66;5;4;8;2;26;2;2;1;3;8
3144;1;0;0;0;0;0;9;6;3;3;1;26;2;7;4;3;3
3148;7;7;6;6;7;6;2;7;2;0;1;26;1;12;4;2;2
3149;9;8;6;9;8;4;4;9;2;0;1;26;2;5;2;2;2
3152;7;9;6;7;8;5;7;9;1;5;2;26;1;7;3;1;2
3153;7;7;6;7;8;6;66;8;2;7;2;26;2;5;2;2;2
3158;7;8;4;5;6;4;88;7;3;0;2;26;2;13;2;5;3
3164;9;9;7;6;9;5;7;6;2;0;2;27;1;13;1;5;2
3166;4;5;5;7;7;5;5;8;1;0;1;26;2;14;2;5;1
3167;4;7;2;4;5;2;66;9;2;1;2;26;1;5;2;3;2
3168;5;5;5;8;8;8;1;10;1;1;2;25;1;7;2;3;2
3173;8;9;6;8;10;6;8;9;1;5;2;25;1;13;3;3;3
3183;4;5;3;8;8;4;8;9;1;0;2;25;2;5;1;3;2
3184;7;6;7;6;7;5;66;9;1;3;1;25;2;3;2;2;2
3185;6;5;5;6;5;5;66;8;2;4;1;25;1;11;2;3;2
3190;3;5;5;3;7;5;5;8;2;1;2;25;2;7;1;1;2
3194;6;7;7;7;7;5;5;8;1;0;2;26;2;5;4;3;1
3196;0;4;5;3;7;1;10;4;3;0;2;25;2;7;3;6;2
3199;3;3;5;7;7;4;1;9;2;1;2;25;1;14;2;4;2
3204;7;4;5;7;8;6;4;4;3;0;2;25;1;7;2;6;5
3205;3;4;3;8;6;5;66;6;1;7;2;26;2;5;1;1;1
3209;8;4;7;7;7;4;5;10;2;0;1;26;2;5;2;4;2
3218;8;7;3;9;7;8;66;10;1;0;2;25;1;13;2;4;1
3219;4;6;3;0;2;0;66;9;1;88;1;26;2;10;1;3;2
3225;7;8;7;8;5;6;10;9;1;2;1;26;2;13;2;4;3
3226;8;7;6;7;9;4;2;9;1;6;2;25;1;13;1;1;2
3230;7;7;5;7;7;6;66;7;1;0;1;25;2;5;2;4;2
3231;7;8;6;7;8;5;4;6;2;2;2;26;2;7;3;4;3
3233;6;7;6;7;7;5;10;10;1;1;1;25;1;7;2;2;3
3241;4;6;6;5;8;7;88;9;1;0;2;24;1;13;2;2;3
3242;6;9;9;10;10;8;4;8;1;3;1;24;2;5;1;3;3
3244;3;4;2;4;4;3;6;5;1;0;2;24;1;5;1;5;1
3246;9;10;7;9;9;7;6;10;3;0;2;24;1;14;1;6;3
3247;8;3;7;8;8;7;6;9;1;1;1;24;2;18;1;3;2
3248;6;7;7;8;9;5;6;8;1;3;1;24;2;7;2;5;1
3251;5;7;5;5;7;3;5;8;2;2;1;24;1;12;3;2;2
3253;7;4;4;7;9;6;4;8;2;0;1;24;1;5;3;4;4
3254;0;5;2;0;0;0;66;10;1;0;1;24;1;5;1;2;1
3257;8;8;8;7;7;7;4;8;2;5;2;24;1;5;1;5;2
3259;7;5;5;5;6;5;4;7;2;0;2;24;1;14;1;3;2
3268;4;5;2;9;9;1;11;4;4;0;1;24;2;5;2;6;3
3269;6;7;5;8;8;0;2;10;1;10;1;24;1;2;2;2;2
3273;10;8;9;8;6;5;2;8;2;7;2;24;2;5;1;1;2
3277;5;3;4;0;0;0;66;88;8;0;1;24;2;3;5;6;1
3278;3;3;5;3;4;4;88;8;2;0;2;24;2;7;2;5;1
3282;7;7;6;8;8;6;2;7;1;2;1;24;2;7;1;3;2
3284;7;8;6;6;7;5;66;8;1;0;1;24;1;10;1;6;3
3287;7;6;5;8;7;5;11;8;2;0;2;25;1;7;1;1;2
3288;7;2;2;7;9;4;7;8;2;0;1;24;2;13;1;6;3
3292;4;4;5;6;7;6;66;9;1;8;2;23;2;5;3;3;3
3294;3;5;4;4;8;5;6;10;1;0;2;23;1;5;2;3;1
3303;7;8;8;8;10;9;6;8;2;1;2;23;1;5;2;3;3
3309;9;8;3;8;10;7;5;6;3;8;1;23;1;11;2;3;4
3311;5;5;3;5;5;4;66;4;2;0;1;23;2;5;1;5;3
3318;7;8;9;10;10;9;66;8;3;0;2;23;2;7;2;5;1
3320;9;7;7;9;9;3;10;9;1;2;1;24;2;5;3;4;2
3323;7;8;8;9;10;6;6;8;2;5;2;23;1;10;2;1;2
3324;6;3;4;4;5;5;6;6;2;0;1;23;2;5;2;5;1
3325;5;7;6;6;7;4;88;8;3;2;2;23;1;10;2;2;3
3328;6;6;3;8;7;7;8;8;1;2;2;23;1;14;1;3;2
3334;7;7;6;7;8;5;6;9;1;0;1;23;2;5;1;4;1
3340;10;9;9;9;10;7;8;7;3;1;1;23;1;5;1;6;5
3342;8;7;5;8;6;7;1;9;1;2;1;23;2;5;3;4;2
3343;1;1;2;5;7;1;66;7;2;0;1;23;1;7;4;1;5
3347;0;0;0;2;2;3;88;0;4;0;2;23;2;5;2;6;4
3351;4;5;1;8;8;3;5;8;1;5;2;23;1;14;1;4;3
3356;8;8;6;5;4;5;6;7;2;0;2;23;2;5;2;4;2
3363;5;4;5;2;2;3;7;4;2;0;2;23;2;1;1;6;4
3370;6;7;7;8;7;6;5;8;1;0;1;23;2;11;2;2;1
3382;6;6;6;7;7;3;5;9;1;0;1;22;2;7;3;5;2
3384;8;6;6;9;9;7;6;7;2;2;2;22;2;5;2;3;3
3388;7;8;8;7;8;5;3;8;1;8;2;22;2;7;4;4;3
3390;6;7;3;7;9;3;2;7;3;2;1;22;2;13;1;4;1
3393;8;2;7;7;8;7;1;9;1;0;2;22;2;5;3;5;1
3395;7;7;6;6;7;7;5;9;2;3;1;22;2;7;2;2;2
3397;4;4;3;3;6;0;1;8;2;0;1;22;1;7;2;2;1
3400;7;5;4;2;7;2;66;6;2;1;2;23;2;11;5;2;2
3401;6;7;5;4;5;0;66;7;2;0;1;22;2;7;3;5;2
3404;9;8;8;7;8;7;66;10;1;0;1;22;1;5;3;5;1
3409;7;7;3;4;9;6;5;9;1;5;1;22;1;5;2;3;1
3417;5;5;2;4;4;6;2;8;2;8;2;21;1;5;2;1;1
3425;7;3;5;7;9;3;5;8;2;0;1;21;2;7;2;6;2
3429;9;8;8;7;7;4;4;8;3;9;2;51;1;13;1;5;2
3430;5;7;7;5;8;3;2;8;2;10;1;21;1;7;1;2;2
3432;7;6;7;6;6;5;5;8;1;0;1;21;2;5;2;4;1
3433;5;2;9;7;8;5;6;7;2;0;1;21;2;7;3;5;1
3436;6;8;6;4;5;4;11;4;4;2;2;21;2;5;2;2;2
3438;7;6;3;3;3;2;5;9;1;1;1;21;1;5;2;5;4
3440;5;3;2;7;9;1;5;10;2;0;1;21;2;6;1;4;4
3442;7;7;4;7;6;5;66;7;1;2;1;21;2;14;4;5;5
3443;5;5;6;5;7;6;66;3;3;1;2;21;2;7;1;1;1
3446;5;7;5;5;8;7;5;9;1;3;1;21;2;5;1;3;2
3451;7;5;5;6;5;4;5;9;1;1;1;21;1;9;2;4;2
3455;7;7;6;8;7;5;66;8;1;0;2;21;2;5;1;4;1
3461;7;8;5;5;7;5;6;8;2;0;1;22;2;5;1;5;2
3465;7;7;8;6;9;5;77;8;1;1;2;21;2;5;3;4;1
3467;5;5;5;7;7;5;1;9;2;6;2;20;2;7;2;3;3
3469;3;4;5;5;2;2;1;10;1;0;1;20;2;7;1;2;1
3472;6;7;5;3;8;4;6;5;3;6;2;20;1;5;1;5;1
3474;6;7;8;6;8;5;1;7;2;3;1;20;2;5;2;5;2
3475;7;4;7;88;8;4;6;5;3;0;2;20;2;5;2;4;2
3478;5;6;4;5;8;6;10;9;2;0;2;21;2;7;3;2;2
3480;2;4;5;5;7;6;6;6;3;0;2;20;2;5;2;1;3
3485;6;7;7;5;7;6;66;6;2;5;1;20;2;7;2;3;2
3488;1;3;7;5;7;0;5;10;2;8;2;20;2;3;2;2;2
3499;5;7;3;8;9;6;3;8;1;9;2;20;2;10;3;3;1
3503;8;7;8;6;8;7;1;5;1;0;2;20;2;5;1;2;2
3504;6;6;6;8;5;6;66;9;1;0;2;21;2;5;1;4;2
3509;3;4;5;3;4;4;8;9;2;0;2;20;2;5;2;4;4
3512;3;2;3;2;6;3;6;8;1;0;1;20;2;6;3;2;2
3513;6;6;4;5;6;4;1;8;1;1;2;21;2;5;1;2;1
3514;6;6;7;9;8;7;6;9;1;4;2;20;2;8;1;4;1
3518;4;5;3;5;2;4;66;7;2;0;1;20;2;10;1;6;2
3521;5;5;7;8;9;7;66;8;2;7;1;20;2;5;2;2;2
3524;5;4;5;5;5;4;66;7;2;5;1;20;2;5;3;2;3
3526;0;3;4;3;4;2;66;5;2;0;2;20;1;5;1;3;3
3528;7;5;8;10;10;9;66;9;1;2;1;20;1;5;2;5;1
3532;5;6;4;7;7;6;66;9;2;1;2;19;2;5;2;3;2
3533;4;7;4;9;8;8;66;9;1;3;1;19;2;5;1;4;1
3536;4;5;3;7;8;5;66;10;2;0;1;19;2;5;1;5;2
3538;5;5;2;5;5;6;66;8;1;7;1;20;2;5;1;2;3
3539;3;7;5;6;6;5;66;6;3;9;1;19;2;3;2;5;3
3541;3;5;2;5;7;4;66;5;4;9;1;19;2;7;2;2;2
3548;5;5;4;5;7;6;66;9;2;3;2;19;1;3;2;3;1
3551;8;8;8;7;8;8;66;8;1;2;1;19;2;7;2;5;1
3554;5;4;6;8;8;5;66;6;2;1;2;19;2;5;2;4;2
3556;4;3;3;4;6;4;66;8;1;3;1;19;2;5;3;3;2
3561;1;5;5;8;8;5;66;8;2;2;1;19;2;5;3;2;1
3562;3;5;4;3;5;4;66;10;1;2;2;20;2;7;1;5;1
3567;6;6;4;8;8;7;66;10;1;10;1;19;2;3;1;1;3
3568;4;6;8;9;10;9;66;10;1;0;1;19;2;7;3;2;1
3569;7;6;6;4;5;6;66;7;1;1;2;19;2;5;2;2;2
3573;8;8;3;88;9;5;66;2;3;0;2;19;2;5;2;3;3
3577;8;7;4;3;7;4;66;5;2;1;1;19;2;5;2;5;2
3579;6;7;7;7;8;7;66;7;1;2;1;18;2;5555;3;3;2
3580;5;8;7;9;9;5;66;10;1;5;1;18;2;3;2;2;2
3583;4;5;7;7;9;7;66;10;3;1;2;18;2;3;1;2;1
3586;5;4;5;4;5;2;66;8;2;4;1;18;2;5;3;3;2
3587;9;10;8;88;8;8;66;7;2;0;1;18;2;5555;2;6;3
3588;6;4;6;7;5;2;66;9;1;0;1;18;2;3;1;3;2
3589;7;7;3;7;9;7;66;10;2;0;1;18;2;3;2;2;1
3592;6;8;7;8;8;7;66;9;1;0;1;19;2;3;1;3;2
3594;5;6;3;3;6;6;66;6;2;2;1;19;2;3;1;6;3
3595;7;9;8;5;5;4;66;8;1;5;2;18;2;3;2;2;1
3601;7;8;4;88;8;8;66;8;2;0;2;18;2;3;1;1;1
3606;9;7;4;7;10;6;66;10;1;4;2;18;2;3;2;5;2
3612;7;8;5;8;7;7;66;7;1;0;1;18;2;3;2;3;2
3614;8;7;8;88;5;4;66;9;1;0;2;18;2;7;3;5;2
3619;7;10;5;7;10;10;66;8;2;5;2;17;2;3;2;2;2
3620;4;5;5;9;8;8;66;8;2;7;1;17;2;3;3;2;2
3621;3;5;2;3;8;6;66;2;1;0;2;17;2;3;1;4;6
3622;4;5;8;5;8;6;66;8;3;2;2;17;2;3;2;2;1
3626;5;7;5;88;8;2;66;5;2;7;2;18;2;3;1;6;5
3629;8;6;7;7;8;6;66;8;1;0;1;17;2;3;5;5;2
3631;4;6;7;7;7;7;66;8;2;2;2;17;2;3;1;4;1
3632;3;6;4;7;6;4;66;9;1;0;1;17;2;3;2;6;2
3634;8;7;8;7;9;6;66;7;2;1;1;17;2;3;2;5;3
3635;7;7;7;8;8;6;66;9;1;0;1;17;2;3;2;5;1
3639;6;6;8;6;9;7;66;9;2;0;1;17;2;3;1;5;1
3642;6;5;8;5;6;4;66;8;3;4;2;18;2;3;2;4;2
3647;8;8;8;9;9;8;66;10;1;6;1;17;2;3;1;3;1
3648;5;5;7;8;5;5;66;4;2;0;1;17;2;7;3;4;1
3649;4;8;6;9;8;7;66;10;1;3;1;17;2;3;2;5;2
3650;6;5;6;5;6;5;66;8;2;2;2;16;2;3;2;3;1
3664;7;8;8;9;10;8;66;8;1;2;2;16;2;3;1;2;3
3684;10;10;8;8;9;8;66;9;1;7;1;16;2;3;2;3;2
3691;6;8;5;88;8;4;66;8;3;0;2;16;2;2;3;5;2
3697;7;8;6;5;6;4;66;7;2;1;1;16;2;3;3;3;2
3699;2;5;4;88;4;88;66;1;3;0;2;15;2;3;3;6;5
3703;8;5;6;5;6;5;66;8;2;1;2;15;2;1;1;3;2
3704;6;5;6;88;7;7;66;6;2;2;2;15;2;1;2;3;2
3706;5;6;5;88;10;7;66;6;2;3;2;15;2;3;2;2;1
3710;7;8;5;5;6;5;66;5;2;1;2;15;2;2;2;2;3
3717;4;7;4;7;8;2;66;3;2;0;2;15;2;5555;3;2;2
3718;8;5;2;0;7;2;66;7;3;0;1;15;2;3;2;6;2
3725;6;4;5;6;8;7;66;6;2;3;1;15;2;2;3;3;2
3728;5;9;7;9;8;6;66;7;2;5;2;16;2;2;2;2;1
3730;7;7;8;7;8;7;66;7;2;1;1;15;2;2;4;4;2
3732;7;6;9;8;10;7;66;9;2;1;1;15;2;1;2;5;2
3737;3;8;5;7;8;5;66;7;1;5;1;15;2;2;4;3;2
3738;6;6;7;8;9;7;66;10;1;3;1;15;2;1;2;2;2
3744;6;8;8;4;8;7;66;10;1;4;1;15;2;2;4;4;3
3747;4;6;7;7;8;6;66;6;2;7;2;15;2;2;4;2;3
3748;9;9;8;7;8;7;66;8;1;8;1;15;2;1;2;2;3
3749;3;5;7;6;6;5;66;6;1;2;1;15;2;1;1;2;1
3750;6;7;3;5;7;7;66;7;2;0;2;15;2;2;3;5;1
